UID,human_author_probability,,reason
SYNTH-0001,85,1,"The comment reads as genuinely human-authored for several reasons: (1) It opens with a specific, emotionally grounded personal anecdote with concrete details (St. Luke's in Milwaukee, February 2023, eleven days, secondary infection) that feel authentic rather than illustrative. (2) The author explicitly acknowledges their own limitations ('I don't have a detailed regulatory proposal to offer. I'm not a lawyer or a health policy expert'), which is a hallmark of genuine human humility rather than AI-generated false modesty. (3) The professional identity (social worker) is introduced naturally and late, not as a credential-establishing opener. (4) The argument has some structural looseness — it meanders from ICU anecdote to accountability to bias to reimbursement incentives without a perfectly clean logical architecture, which is more human than AI. (5) The pulse oximeter example is a real, well-documented issue cited with approximate dates, suggesting genuine familiarity with the literature rather than generic AI hedging. (6) The tone is genuinely frustrated and skeptical without being perfectly balanced — AI tends toward false balance. Some features that could hint at AI: the comment is fairly well-organized and articulate for a lay person, and the final paragraph's call for 'independent post-market surveillance requirements with real teeth' is a somewhat polished policy phrase. However, the overall texture, emotional grounding, and argumentative imperfection strongly suggest human authorship."
SYNTH-0002,87,1,"The comment reads as genuinely human-authored for several reasons: (1) It opens with a specific, emotionally grounded personal anecdote (mother in ICU, Mercy General, Cincinnati, February 2023) that feels authentic rather than illustrative; (2) The author self-identifies with professional humility ('I'm a social worker with a master's degree') and acknowledges limitations in their expertise ('reading summaries and journal abstracts more than the raw data'); (3) The Optum/Science 2019 study reference is specific and accurate, cited with appropriate uncertainty ('I believe it was published in Science'); (4) The argument meanders naturally — moving from personal experience to policy critique to workforce concerns — rather than following a clean structured outline; (5) The tone is conversational and occasionally self-interrupting ('Or at least, please stop and think...'); (6) The concern about non-physician healthcare workers feels like a genuine personal observation rather than a comprehensive policy framework; (7) The final ask is modest and specific rather than sweeping. There are a few features that could hint at AI — the writing is quite polished for a social worker, and the paragraph structure is fairly clean — but the specificity of personal detail, the acknowledged uncertainty, and the organic flow of concerns outweigh these. The comment does not exhibit the balanced-rhetoric, rule-of-three, or overly smooth narrative arc typical of AI generation."
SYNTH-0003,62,1,"The comment has several strong human markers: the specific personal anecdote about the mother in the ICU at Mercy General in Des Moines in February 2023 with concrete sensory details (holding her left arm differently at 2am), the self-deprecating acknowledgment of not being a doctor or lawyer, the abrupt cut-off at the end ('about this whole') suggesting an unfinished submission, and the citation of a real 2019 Science study by Obermeyer et al. on algorithmic bias. The emotional register feels genuine and the argument flows from personal experience rather than abstract principle. However, there are some features that give pause: the comment is unusually well-structured for a lay person, moving systematically from personal anecdote to policy critique to specific legal case to bias research to proposed regulatory questions; the rhetorical closing that mirrors the opening anecdote (returning to the mother at 2am) is a polished literary technique; the balanced acknowledgment of legitimate uses of technology ('I use computers. I understand...') is a common AI hedging pattern; and the policy recommendations in the penultimate paragraph are cleanly enumerated. The incomplete ending could be either a genuine human truncation or an AI artifact. On balance, the specificity of the personal story, the real citation, and the abrupt ending tip toward human authorship, though the structural polish introduces some doubt."
SYNTH-0004,82,1,"The comment reads as largely human-written for several reasons: it opens with a specific, emotionally grounded personal anecdote (father in ICU at St. Joseph's Medical Center in Stockton, February 2023) with concrete, unglamorous details (four minutes per visit, clearing notifications) that feel authentic rather than illustrative. The writer explicitly acknowledges their own limitations ('I'm not a lawyer so I can't speak to liability frameworks in detail'), which is a natural human hedge. The argument meanders somewhat organically — moving from personal experience to liability to workforce effects to administrative burden to disclosure — without the perfectly balanced structure typical of AI. The phrase 'that's not an AI story exactly, but it's where my head goes' is a natural, slightly awkward self-correction that feels human. The final paragraph's frustration ('I genuinely don't understand why it's apparently not already required') has an authentic emotional register. There are some features that could hint at AI — the comment is fairly well-organized, uses some policy-register language ('diffusion of human accountability,' 'unacceptable diffusion'), and covers multiple distinct policy angles systematically — but these are consistent with an educated, engaged citizen who follows health policy reporting, as they self-describe. The overall texture, including the slightly rambling workforce paragraph and the personal discovery of vendor references in nursing notes, tilts strongly toward human authorship."
SYNTH-0005,72,1,"The comment has several strong markers of human authorship: a specific, detailed personal narrative (St. Luke's in Kansas City, February 2023, three-day stay, cardiac event, readmitted six days later with CHF complications), emotionally grounded closing ('My mother is fine now, for what it's worth'), and a self-aware acknowledgment of uncertainty ('Whether those things are even feasible under the current regulatory structure I honestly don't know'). The voice is consistent and personal throughout, with genuine frustration and a non-triumphant tone. The specific detail about the nurse flagging concerns manually adds verisimilitude that AI tends not to generate unprompted. However, there are some features that give slight pause: the comment is unusually well-structured for a personal submission, moving cleanly from personal narrative to systemic critique to specific policy asks; the paragraph on accountability diffusion (physician/hospital/vendor) is analytically precise in a way that feels slightly polished; the references to 'sepsis prediction algorithms' and 'pain management tools trained on historically unequal treatment data' reflect awareness of specific AI bias literature that is more typical of a policy-informed writer or AI; and the overall rhetorical arc from personal anecdote to systemic critique to concrete asks follows a near-perfect persuasive essay structure. The phrase 'harms accumulate quietly, patient by patient' has a slightly literary quality. On balance, the personal specificity and emotional authenticity outweigh the structural polish, suggesting a human author who is educated and engaged, possibly with some policy or healthcare background."
SYNTH-0006,72,1,"The comment has several strong markers of human authorship: it opens with a specific, emotionally grounded personal anecdote (mother in ICU at St. Francis Hospital in Hartford, February 2023) with concrete sensory and relational detail; it references a specific 2019 Stanford study on sepsis prediction tools with a nuanced caveat about real-world vs. validation performance; it mentions pulse oximetry bias with historical specificity (documented around 2020); and it ends abruptly mid-sentence ('I think HHS should be more honest about'), which is a very human artifact suggesting the writer ran out of space or submitted prematurely. The argument structure is coherent but not overly polished — it meanders somewhat naturally between personal experience, policy critique, and specific technical concerns. However, there are some features that could suggest AI involvement: the rhetorical structure is quite organized (personal anecdote → framing critique → accountability gap → infrastructure gaps → bias → nuanced concession → financial interests), the prose is unusually clean and well-constructed for a public comment, and phrases like 'that framing itself is a choice' and 'the burden of proof has been met yet' have a slightly formal, AI-like quality. The abrupt ending is the strongest single indicator of human authorship, as AI systems rarely truncate mid-sentence in this way. On balance, the specificity of the personal narrative, the incomplete ending, and the genuine emotional register outweigh the structural polish."
SYNTH-0007,72,1,"The comment has several strong human markers: a specific, emotionally grounded personal anecdote (mother in ICU, nurse named Delores, Cincinnati, October 2022) that anchors the argument; an informal, conversational register with phrases like 'I genuinely don't understand' and 'I want to be fair here'; a final paragraph that feels like an afterthought about the comment period length, which is a very human thing to add; and a somewhat uneven structure that doesn't follow a perfectly balanced rhetorical arc. The argument flows from personal experience to policy critique in a way that feels authentic. However, there are some features that give slight pause: the comment is quite polished and comprehensive for a personal submission, covering bias, accountability gaps, workforce effects, and framing critique in a systematic way; the transition phrases are smooth; the paragraph on accountability diffusion is particularly well-constructed and reads somewhat like policy analysis rather than personal advocacy; and the overall argument is well-organized without the messiness typical of purely personal submissions. On balance, the personal details, the informal asides, the final afterthought paragraph, and the genuine emotional grounding suggest human authorship, though the sophistication of the policy analysis introduces some uncertainty."
SYNTH-0008,72,1,"The comment has several strong human markers: a specific, emotionally grounded personal anecdote (mother in ICU at St. Luke's in Kansas City, February 2023, night nurse catching something monitors missed), a clear personal voice with hedging and self-awareness ('I know comes up constantly'), and a focused, non-exhaustive policy argument that doesn't try to cover everything. The writer explicitly says 'I want to focus on just one piece of the RFI,' which is a natural human narrowing of scope. The narrative arc from personal experience to policy concern feels authentic rather than formulaic. The concrete policy ask at the end (independent audit with published methodology) is specific and practical. However, there are some features that give slight pause: the prose is unusually polished and well-structured for a public comment, with clean paragraph transitions and balanced rhetorical moves (e.g., acknowledging the other side's valid points before pivoting). The sentence 'Speeding up adoption doesn't fix that. It just means more patients are in that position before anyone has figured out how to handle it.' has a slightly aphoristic quality. The phrase 'materially worse' is somewhat formal/legalistic. The overall argument structure — personal story, framing concern, specific policy critique, bias issue, concrete recommendation — follows a near-ideal persuasive essay structure. These features could reflect a well-educated human writer rather than AI, and the personal anecdote is specific enough (St. Luke's, Kansas City, February 2023, 2 a.m.) to suggest genuine experience. On balance, this reads more like a thoughtful, educated human commenter than AI-generated text."
SYNTH-0009,82,1,"The comment reads as highly personal and grounded in specific, verifiable real-world references (Emory University Hospital, Ziad Obermeyer's research, the ProPublica/CIGNA story, the 1.2-second statistic). The opening anecdote about the resident sitting with the patient for forty minutes is vivid and emotionally specific in a way that feels genuinely recalled rather than constructed. The author explicitly acknowledges their own epistemic limits ('I work in health policy, not clinical care, so I want to be honest about the limits of what I know here'), which is a hallmark of authentic human self-awareness rather than AI-generated false modesty. The prose has some structural polish but also contains informal, slightly uneven transitions and a digressive quality ('There's also something I keep coming back to that I don't know how to quantify') that feels human. The argument is not perfectly balanced — it leans heavily critical of AI adoption — which is more consistent with a human advocate than an AI trying to appear neutral. The specific policy ask at the end (pre-market evaluation framework, critique of 510(k)) is technically grounded and specific. Minor AI-like features include some rhetorical parallelism ('The vendor points to the hospital. The hospital points to the vendor. The payer says...') and a somewhat smooth narrative arc from personal anecdote to systemic critique, but these are not conclusive indicators of AI generation and are consistent with a policy-literate human writer."
SYNTH-0010,82,1,"The comment reads as largely human-written. Key indicators of human authorship: (1) The personal anecdote about the mother and nurse Delores is specific, emotionally grounded, and returns organically at the end in a way that feels genuinely felt rather than rhetorically engineered. (2) The author explicitly acknowledges their own limitations ('I work in healthcare administration, not as a clinician') in a self-aware, non-performative way. (3) The comment ends abruptly mid-sentence ('or makes administrators less likely to value it, or makes'), which is a very human artifact — the writer ran out of space or time, something an AI would not do. (4) The prose has natural variation in sentence length and rhythm without the overly polished, balanced structure typical of AI. (5) The policy arguments are specific and grounded (GAO 2021 report, pulse oximetry bias, CMS bonus structure) without being exhaustively comprehensive in the way AI tends to be. (6) The tone is genuinely ambivalent and personal rather than artificially balanced. The one mild AI-like feature is the somewhat structured progression of arguments (personal story → professional context → specific concerns → bias → accountability → recommendations → return to anecdote), but this structure is loose enough and the voice consistent enough to be plausibly human. The truncated ending is the strongest single indicator of human authorship."
SYNTH-0011,85,1,"This comment reads as largely human-written. Several features support this: (1) The opening anecdote about the mother in the ICU is specific and emotionally grounded — St. Luke's, Kansas City, October 2023, forty minutes, a paper towel diagram, the doctor changing his mind twice. This level of concrete, idiosyncratic detail is characteristic of genuine personal experience. (2) The author explicitly acknowledges uncertainty ('I'm genuinely uncertain about billing software and scheduling, I'll grant that'), which is a natural human hedge rather than a rhetorical device. (3) The comment ends mid-sentence ('at a conference in'), which is a strong indicator of human authorship — an AI would almost certainly complete its thought. (4) The author self-identifies as working in public health and explicitly disclaims expertise in clinical medicine, a modest and realistic self-positioning. (5) The tone shifts naturally between personal narrative, policy critique, and technical concern without feeling artificially balanced. (6) The reference to the 2019 Science study on algorithmic bias is accurate and cited with appropriate specificity. Some features could hint at AI — the structured progression from anecdote to policy argument is fairly smooth, and phrases like 'diffusion of responsibility' and 'propagation of whatever the next version of that problem is' are polished — but the abrupt, incomplete ending is the strongest single indicator of human authorship, as it suggests the comment was cut off during submission."
SYNTH-0012,85,1,"This comment reads as genuinely human-authored for several reasons: (1) It opens with a specific, emotionally grounded personal anecdote (mother in ICU at Vanderbilt, February 2023, specific pulmonologist detail) that feels authentic rather than constructed. (2) The writer explicitly hedges on citations ('I'd have to look up the specific citations to give you the exact numbers'), which is a distinctly human admission of imperfect recall rather than the confident, polished sourcing AI tends to produce. (3) The closing line ('I'm not sure this comment will be read carefully given how many there probably are') reflects genuine human uncertainty and mild resignation, not the confident advocacy tone AI typically adopts. (4) The argument has some structural coherence but also meanders naturally — moving from personal story to policy critique to workforce concerns to a somewhat abrupt ending — rather than following a clean AI-style arc. (5) The reference to the Optum 2019 algorithm case is accurate and specific, consistent with someone who has read about this topic. (6) The phrase 'I'm not being sentimental about that, I genuinely don't think it would have' reads as authentic self-correction typical of human writing. (7) There are minor stylistic inconsistencies and informal constructions ('the accountability just sort of dissolves') that feel human. Some elements like the 'diffusion of responsibility' framing and the structured policy critique could suggest AI assistance, but the overall texture, hedging, and personal voice point strongly to human authorship."
SYNTH-0013,85,1,"This comment reads as largely human-written. Several features support this: (1) The opening anecdote is specific and emotionally grounded — naming the hospital, city, dates, and a doctor whose name the author admits they may be misspelling, which is a distinctly human hedge. (2) The narrative arc moves from personal experience to policy concern in a way that feels organic rather than structured by an AI's tendency to organize arguments into neat parallel sections. (3) The author explicitly acknowledges uncertainty and ambivalence ('I'm not completely dismissing them,' 'that sounds soft, maybe') in ways that feel authentic rather than performative. (4) The reference to ProPublica's COMPAS reporting is specific and used in a somewhat loose analogical way — an AI would more likely cite it more precisely or hedge more carefully. (5) The final paragraph about rural/critical access hospitals is a concrete, specific policy concern that reflects genuine domain knowledge. Some features give slight pause: the comment is well-organized and covers multiple policy dimensions (bias, accountability, reimbursement, patient dignity) in a way that could suggest AI scaffolding. The phrase 'that phrase does a lot of work it hasn't earned' is somewhat literary. However, the overall texture — including the emotional register, the self-corrections, and the specific personal memory — strongly suggests a human author, possibly one who is educated and engaged with policy issues."
SYNTH-0014,87,1,"This comment reads as genuinely human-authored for several reasons: (1) It opens with a specific, personal anecdote about the author's mother at a named hospital in a named city with a specific date, with vivid, emotionally resonant detail ('a tired doctor who had seen something similar once before and trusted her gut') that feels authentic rather than illustrative. (2) The author explicitly identifies themselves as a medical social worker with 18 years of experience, which grounds the perspective and explains the level of knowledge displayed. (3) There are authentic hedges and self-corrections throughout ('I'll admit I'm not a clinician,' 'I believe that was around 2019,' 'I'm also honestly not sure what to make of'). (4) The comment includes a genuine spelling error ('commerical' instead of 'commercial'), which is a natural human mistake. (5) The argument structure is somewhat meandering and self-aware about its own incompleteness, ending with an unresolved question about scope rather than a tidy conclusion. (6) The tone is conversational and occasionally colloquial ('I guess what I'd ask,' 'that's not a governance framework, that's an abdication of one'). (7) The reference to ProPublica reporting with an approximate date and acknowledged uncertainty feels like genuine human recall rather than AI precision. Minor AI-like features include some rhetorical polish and the use of an em dash, but these are outweighed by the human markers above."
SYNTH-0015,72,1,"The comment has several strong markers of human authorship: a specific, emotionally grounded personal anecdote with concrete details (St. Luke's in Cedar Rapids, February 2023, 74-year-old mother, hip replacement, four-hour delay), a self-acknowledged limitation ('I don't have a specific legal background'), and an uneven, somewhat rambling structure that feels authentic rather than polished. The writer circles back to the personal story, which is a natural human rhetorical move. The citation of the Obermeyer et al. 2019 Science study is specific and accurate, which could go either way — a knowledgeable human or a well-prompted AI. Some features give slight pause: the prose is unusually well-organized for a lay commenter, moving logically from personal experience to accountability to efficiency framing to equity concerns; the paragraph structure is clean and each paragraph addresses a distinct theme; the phrase 'accelerating adoption without solving that is not a neutral act' has a polished, aphoristic quality; and the overall rhetorical arc (personal story → systemic critique → specific ask) is smoother than typical lay comments. However, the voice is consistent throughout, the self-deprecation about legal expertise feels genuine, and the emotional register is restrained rather than performatively balanced. On balance, this reads more like a thoughtful, well-read layperson than AI output."
SYNTH-0016,91,1,"This comment reads as genuinely human-authored for several reasons: (1) It opens with a specific, emotionally grounded personal anecdote (mother's hospitalization at Mercy General in Sacramento, February 2023) that anchors the entire argument and is referenced again at the end with authentic emotional texture ('I wonder sometimes whether she had to document that override'). (2) The writer explicitly acknowledges uncertainty about citations ('I believe published in JAMA or one of the JAMA specialty journals, I'm sorry I don't have the exact citation in front of me'), which is a hallmark of genuine human recall rather than AI precision or fabrication. (3) The argument is not perfectly balanced or structured — it meanders somewhat, returns to personal concerns, and admits limitations ('I have no way of knowing'). (4) The tone is conversational and self-aware ('I want to be honest that I'm not opposed to technology in medicine categorically'), which feels authentic rather than performative. (5) The specific vendor names (Epic, Nuance) and the reference to sepsis detection wrongful death suits feel like genuine knowledge from someone who has done real reading. (6) The closing paragraph circles back to the personal story in a way that feels emotionally authentic rather than rhetorically constructed. (7) The critique of the RFI framing ('accelerating adoption is right there in the title') shows genuine engagement with the actual document. Minor AI-like features include some smooth transitions and a fairly organized structure, but these are outweighed by the human markers."
SYNTH-0017,87,1,"The comment reads as genuinely human-authored for several reasons: (1) It opens with a specific, emotionally grounded personal anecdote (mother in ICU at Brigham and Women's, February 2023, eleven days) that feels authentic rather than illustrative; (2) the writer explicitly identifies as a social worker with ~20 years experience with elderly patients, a specific professional identity that shapes the argument throughout; (3) the prose has natural variation in sentence rhythm and occasional informal constructions ('reading her,' 'that feels like a significant thing to skip over'); (4) the argument is not perfectly balanced — it is one-sided and critical, which is more characteristic of genuine human advocacy than AI-generated text that tends toward false balance; (5) the citation of Obermeyer's 2019 Science study is specific and accurate, suggesting real familiarity with the literature rather than generic AI hedging; (6) the emotional register shifts naturally between personal grief, professional concern, and policy critique; (7) the ending on workforce displacement feels like a genuine afterthought ('I also just want to say') rather than a structured conclusion. Some features that could hint at AI include the relatively polished paragraph structure and the comprehensive coverage of multiple policy angles, but these are consistent with an educated, experienced professional writer. The personal narrative anchor and the one-sided advocacy tone are strong human signals."
SYNTH-0018,87,1,"This comment reads as strongly human-written. Key indicators: (1) The narrative is grounded in a specific, emotionally resonant personal story with concrete details (St. Luke's in Kansas City, February 2023, 48 hours, three hours on the phone, day nine fall, eleven days total) that feel lived-in rather than illustrative. (2) The comment ends abruptly mid-sentence ('right now I haven't seen anything from HHS that'), which is a hallmark of genuine human writing — AI almost never truncates itself this way. (3) The self-deprecating asides ('I'm not a Luddite about this, honestly,' 'I'm a social worker, not a physician,' 'I don't know what the right regulatory answer is') feel authentically human in their hedging and self-positioning. (4) The rhetorical rhythm is uneven in a human way — some paragraphs are tightly argued, others are more rambling and emotional. (5) The specific clinical details (osteoporotic, walkup apartment, peer-to-peer review request) are the kind of granular, contextually appropriate details a person with direct experience would include. (6) The emotional arc — from personal grievance to policy critique to personal resolution to tragedy — follows a natural human storytelling pattern rather than a structured AI outline. (7) The bias examples (dermatology AI, cardiac risk) are real and documented, cited without excessive hedging or over-qualification typical of AI. Minor AI-like features: the paragraph on reimbursement is somewhat more structured and polished than the rest, and the accountability paragraph has a slightly more formal rhetorical quality. But overall the human signals strongly dominate."
SYNTH-0019,72,1,"The comment has several strong markers of human authorship: the opening personal anecdote about a specific nurse named Darnell at a specific hospital (St. Luke's in Kansas City) with a specific date (February 2023) feels genuinely personal and emotionally grounded. The writing has an authentic, somewhat rambling quality — the comment ends mid-sentence ('The liability question alone -- I've looked at some of the existing guidance and it's genuinely'), which is a strong human marker (AI would almost never truncate like this). The tone is conversational and self-aware ('I'm sure this will read as sentimental'). The argument builds organically from personal experience to policy critique. However, there are some features that give slight pause: the structured progression through multiple policy concerns (safety literature, accountability, bias, prospective evaluation, liability) is fairly organized for a personal comment; the JAMA citation is specific but unverifiable; the rhetorical move of 'I'm not saying no AI anywhere ever' is a common AI hedge pattern; and some sentences have a polished, essay-like quality. The truncated ending is the strongest evidence of human authorship — an AI would complete its thought. Overall, this reads as a thoughtful, educated human commenter who may have organized their thoughts carefully before writing."
SYNTH-0020,72,1,"Several features point toward human authorship: the specific personal anecdote (mother in ICU, St. Francis Medical Center in Lynwood, California, February, eleven days, sepsis) with emotionally grounded detail; the self-deprecating closing identifying as a high school history teacher from Torrance who found the RFI hard to parse; the admission of uncertainty about whether they addressed the right questions; the somewhat meandering structure that doesn't follow a clean policy-brief format. The citation of the Obermeyer et al. 2019 Science study is accurate and specific, which could go either way — a knowledgeable human or a well-prompted AI. Some features give me pause: the prose is unusually polished and well-organized for someone claiming to be a non-expert; the argument flows with a clarity and rhetorical balance (personal story → accountability concern → bias concern → administrative burden caveat → specific asks → closing reflection) that is more structured than typical lay comments; the phrase 'cause harm at scale' and 'diffusion of responsibility' are somewhat policy-wonk formulations; the paragraph transitions are smooth; the closing humanizing detail ('high school history teacher') feels like it could be a deliberate AI technique to appear human. On balance, the specific local details, the emotional texture, the self-doubt, and the slightly imperfect policy framing tip me toward human authorship, though the overall polish keeps me from being highly confident."
SYNTH-0021,72,1,"The comment has several strong human indicators: a specific, emotionally grounded personal anecdote with named individuals (Dr. Anand Krishnaswamy, Emory University Hospital, February 2023), a specific JAMA Internal Medicine 2021 citation about racial bias in algorithms, and a conversational, somewhat uneven rhetorical structure. The writer acknowledges counterarguments ('I understand there are efficiency arguments. I do.') in a way that feels genuine rather than formulaic. The closing line is evocative and personal in a way that feels authentic. However, there are some features that give pause: the comment is unusually well-organized for a public comment, moving systematically through accountability, workforce, reimbursement, and recommendations in a way that resembles AI structuring. The paragraph transitions are smooth and the policy arguments are comprehensively balanced. The phrase 'that is not hypothetical, that is a structural feature' has a slightly rhetorical polish. The workforce paragraph's demographic framing ('disproportionately women, disproportionately people of color') follows a pattern common in AI-generated progressive policy commentary. Overall, the personal narrative anchor and specific details tip the balance toward human authorship, though the structural polish introduces some uncertainty."
SYNTH-0022,85,1,"The comment reads as genuinely human-authored for several reasons: (1) It opens with a specific, emotionally grounded personal anecdote (mother in ICU, Mercy General, Cincinnati, February 2023) with concrete sensory details (plastic chair, 10pm) that feel lived-in rather than constructed. (2) The argument is not perfectly balanced — it is clearly one-sided and emotionally driven, which is characteristic of human advocacy writing. (3) The writer explicitly acknowledges uncertainty ('One thing I genuinely don't know') and limits their own position ('I don't think AI has no role in healthcare. That's not my position.'), which reflects authentic human hedging rather than AI's tendency toward comprehensive coverage. (4) The reference to the United Healthcare nH Predict lawsuit is specific and accurate, and the way it's introduced ('There was a lawsuit in 2023... I think about that a lot') feels like a human recalling something they read rather than an AI citing a source. (5) The prose has some irregularities and informal constructions ('please don't. Or at least slow down considerably') that feel natural. (6) The final line ('There's also no clear mechanism I can see in the RFI for patients to opt out.') is abrupt and tacked on, which is a very human way to end — remembering one more point. Some features could hint at AI (the structured progression of arguments, the clean paragraph transitions), but overall the personal voice, emotional grounding, and argumentative imperfections strongly suggest human authorship."
SYNTH-0023,72,1,"The comment has several strong markers of human authorship: a specific, emotionally grounded personal anecdote with named details (St. Luke's Hospital, Kansas City, February 2023, Dr. Reyes), an abrupt and unfinished final sentence that feels genuinely human, hedging language ('I may be misremembering some of the specifics'), and a self-deprecating acknowledgment of the author's non-expert status. The narrative arc from personal experience to policy critique is natural rather than formulaic. However, there are some features that give slight pause: the comment is unusually well-structured for a lay person, moving systematically through safety, accountability, and workforce dimensions in a way that resembles AI-generated policy commentary; the paragraph on sepsis algorithms and racial bias reads somewhat like a summarized literature reference; and the rhetorical move of reframing the question ('the question should be...') is a common AI pattern. The unfinished ending is the strongest human signal — it's hard to imagine an AI leaving a sentence incomplete — and the emotional specificity of the final paragraph about Dr. Reyes coming in on her day off feels authentic. On balance, this reads as a thoughtful, well-read human author, possibly with some policy background, rather than AI-generated text."
SYNTH-0024,85,1,"This comment reads as largely human-written. The opening anecdote about the author's mother in the ICU is specific, emotionally grounded, and detailed in a way that feels authentic (St. Luke's in Kansas City, February 2023, 2 in the morning, eleven days, twenty-year nurse). The argument builds organically from personal experience to policy critique without feeling formulaic. The writing has genuine rhetorical personality — phrases like 'the word accelerating is doing a lot of work in that framing' and 'moving fast and finding out later' feel like a real person's voice. The comment ends mid-sentence, which is a strong indicator of human authorship (an AI would almost certainly complete its thought). The references to specific real-world examples (UnitedHealth's nH Predict tool, MIT/Stanford research on bias) are plausible and grounded. The tone is measured but personal, with genuine frustration showing through. There are no telltale AI patterns like perfectly balanced tripartite structures, excessive hedging with 'it is worth noting,' or overly smooth transitions. The incomplete final sentence is the most compelling evidence of human authorship."
SYNTH-0025,72,1,"The comment has several strong human markers: a specific, emotionally grounded personal anecdote (mother in ICU, Bakersfield, February 2023, named hospital, specific doctor behavior) that feels genuinely lived-in rather than illustrative; an abrupt, unfinished ending ('and I'm not sure either of those things') which is a distinctly human artifact unlikely in AI output; colloquial asides like 'or whatever, fine' and 'keeps me up at night honestly'; and a self-aware disclaimer ('I don't have a tidy policy recommendation to close with') that reads as authentic self-deprecation. The comment also cites real, verifiable sources (UCSF pulse oximeter research, ProPublica/UnitedHealth nH Predict investigation) with appropriate specificity. However, some features give slight pause: the rhetorical structure is quite polished and moves systematically through accountability, bias, framing, and clinical judgment in a way that feels organized; the prose is consistently fluent without the false starts or repetitions typical of unedited human writing; and the closing philosophical turn ('efficient for whom') has a slightly aphoristic quality. On balance, the personal narrative specificity, the incomplete final sentence, and the colloquial register strongly suggest human authorship, with the polish possibly reflecting an educated, careful writer rather than AI generation."
SYNTH-0026,85,1,"This comment reads as highly personal and grounded in specific lived experience. The opening anecdote about the mother's ICU stay at 'Mercy General in Cincinnati' with a nurse named 'Darlene' is concrete and emotionally resonant in a way that feels authentic. The writer identifies as a hospital social worker in Ohio and describes a specific workplace experience with a readmission risk-stratification tool rolled out 'about eighteen months ago' — the kind of imprecise, hedged recollection typical of human memory. The rhetorical structure moves naturally from personal experience to professional observation to policy critique without feeling artificially balanced. The sentence 'Patients are not beta testers' is punchy and memorable in a human way. The admission 'I don't know if anyone tracked outcomes from that systematically but I have my doubts' reflects genuine epistemic humility and uncertainty rather than AI's tendency toward confident completeness. The final paragraph about the FDA's iterative change exemption shows specific technical knowledge consistent with someone who works in healthcare policy adjacent spaces. Minor features that could suggest AI: the comment is well-organized and covers multiple policy dimensions systematically, and the prose is quite clean. However, the overall voice, the specific personal details, the hedged language, and the genuine frustration expressed throughout feel authentically human."
SYNTH-0027,72,1,"The comment has several strong markers of human authorship: it opens with a specific, emotionally grounded personal anecdote (mother in ICU at St. Luke's in Kansas City, February 2023) with concrete sensory details ('reading her face'); it explicitly disclaims sentimentality ('Not because I'm sentimental about doctors, I've had plenty of bad ones'); it acknowledges the limits of its own knowledge ('I don't have a citation for that, it's more of an intuition'); it references a specific real-world article (ProPublica 2023 on sepsis algorithms) in a way that feels like genuine recall rather than fabricated citation; and it ends with a nuanced concession that partially supports AI in administrative tasks, which is a realistic human hedge rather than a perfectly balanced rhetorical move. The voice is consistently first-person and somewhat conversational, with run-on constructions and informal asides. However, there are some features that give slight pause: the argument is unusually well-structured for a public comment, moving systematically from personal experience → accountability gap → bias → regulatory inadequacy → workforce concerns → partial concession; the paragraph on bias is notably polished and covers all the standard talking points in a balanced, comprehensive way; the phrase 'diffusion of responsibility' is a somewhat technical term deployed smoothly; and the overall rhetorical arc is cleaner than most organic public comments. These features could reflect a well-educated, policy-aware human writer rather than AI, and the personal details and explicit epistemic humility tip the balance toward human authorship."
SYNTH-0028,85,1,"The comment has strong markers of human authorship: a specific, personal anecdote about a mother's hospitalization at a named institution (UCSF) with a concrete date (September 2023); a professional self-identification as a social worker in Fresno, California with an explicit disclaimer about not being a physician; a citation of a real study (Stanford/JAMA Network Open 2023 on sepsis algorithms and racial disparities) with appropriately hedged recall ('I think it was published...'); genuine uncertainty expressed ('I genuinely don't know the answer to that'); and a policy ask (moratorium) that acknowledges it goes against the department's apparent direction. The tone is conversational and somewhat meandering in a natural way, with rhetorical questions that feel organic rather than structured. The argument builds from personal experience to professional observation to policy concern in a way that feels lived-in rather than templated. There are minor imperfections in phrasing and the reasoning is not perfectly balanced or symmetrical. The comment does have some features that could suggest AI assistance — notably the relatively clean paragraph structure and the sophisticated policy vocabulary — but the personal specificity, the hedged citation, and the self-aware professional positioning are more consistent with a thoughtful human writer than with AI generation."
SYNTH-0029,85,1,"The comment reads as genuinely human-authored for several reasons. The opening personal anecdote about the author's mother in the ICU is specific (named hospital, location, date, duration) and emotionally grounded without being overwrought. The author explicitly acknowledges uncertainty and limits of their own knowledge ('I don't know what the right regulatory structure looks like in detail and I'm not going to pretend otherwise'), which is a hallmark of authentic human reasoning rather than AI's tendency toward comprehensive coverage. The professional perspective (hospital administration, not clinical) is consistently maintained and shapes the argument in a coherent, non-generic way. The specific reference to a sepsis prediction tool purchase in 2021 with concrete behavioral consequences (nursing workarounds) feels like lived experience. The citation of ProPublica/STAT News coverage of nH Predict is a specific, real journalistic reference that adds credibility. The final paragraph about the comment period feeling short and the Federal Register being hard to find is a small, practical, human-sounding observation that AI would be unlikely to include. The prose is articulate but not overly polished — there are some run-on constructions and informal transitions ('honestly,' 'I keep thinking about that') that suggest human authorship. The argument has a clear personal voice and emotional undercurrent (anger, uncertainty) that feels authentic. Some structural elements (organized paragraphs, logical progression) could hint at AI, but the specificity, emotional texture, and self-limitation throughout are more consistent with a thoughtful human writer."
SYNTH-0030,85,1,"The comment reads as genuinely human-authored for several reasons: (1) It opens with a specific, emotionally grounded personal anecdote (mother in ICU, Mercy General, Cincinnati, February 2023) that feels authentic rather than illustrative; (2) The argument is not perfectly balanced — it is clearly one-sided and skeptical, lacking the 'on the other hand' hedging typical of AI-generated policy comments; (3) The writing has an organic, somewhat meandering quality — the sepsis algorithm anecdote at the end is dropped almost as an afterthought, which is a very human structural choice; (4) The tone is genuinely frustrated and personal rather than professionally neutral; (5) Specific real-world references (UnitedHealth's nH Predict tool, pulse oximetry racial bias literature, FDA reviews) are cited in a way that feels like someone who has been following these issues, not a generic summary; (6) The rhetorical question 'why the rush?' and the colloquial 'basically nobody' feel authentically conversational. Some features that could hint at AI include the relatively clean prose and the structured progression of arguments (personal story → premise critique → clinician skepticism → accountability gap → conclusion), but these are consistent with an educated, engaged human commenter who has thought carefully about the topic. The imperfect ending (the sepsis alert anecdote feels tacked on) and the absence of tidy resolution are strong human signals."
SYNTH-0031,72,1,"The comment has several strong markers of human authorship: the opening personal anecdote about the mother in the ICU is specific (St. Luke's, Kansas City, February 2023, eleven days, 22 years of nursing experience, sepsis with atypical presentation), emotionally grounded, and leads naturally into policy concern without feeling like a rhetorical device. The phrase 'My mother is alive. I think about that a lot' reads as genuinely personal. The comment also ends abruptly mid-sentence ('feels like prioritizing speed over'), which is a very human artifact suggesting the writer ran out of space or submitted accidentally — AI would almost never produce an incomplete final sentence. The uncertainty expressed in the workforce paragraph ('I'm genuinely uncertain') and the acknowledgment of legitimate uses of AI feel authentic rather than performatively balanced. However, there are some features that give slight pause: the policy recommendations in the penultimate paragraph are structured in a clean list-like fashion (mandatory transparency, patient notification rights, clear liability rules, demographic auditing, post-market monitoring) that has a somewhat AI-like organizational quality. The transitions between paragraphs are smooth and the argument arc is well-constructed. The phrase 'with teeth, meaning the ability to pull a tool from use' is a nice colloquial touch that could go either way. On balance, the abrupt ending, the specific personal details, the genuine uncertainty, and the emotional grounding outweigh the structural polish, suggesting human authorship."
SYNTH-0032,85,1,"The comment reads as genuinely personal and emotionally grounded, anchored in a specific, detailed anecdote (St. Mary's Medical Center, West Palm Beach, February 2023, two-week hospitalization, a hospitalist at 6am). The narrative arc feels authentic rather than constructed — it doesn't resolve neatly into a policy recommendation but instead ends in deliberate uncertainty ('I genuinely don't know'), which is a very human rhetorical move. The writer cites a real, specific study (Epic deterioration model, University of Michigan, 2021) with accurate framing. The prose has some polish but also conversational irregularities and self-corrections ('I'm not that naive') that feel human. The argument is somewhat discursive and emotionally driven rather than systematically structured, which is characteristic of human writing. There are no obvious AI tells like perfectly balanced tripartite structures, em dashes used stylistically, or overly smooth transitions. The skepticism toward the RFI's framing is sustained and personal rather than encyclopedic. Minor concern: the writing is quite articulate and the policy critique is sophisticated, which could suggest AI assistance, but the emotional specificity and the deliberate refusal to offer clean solutions weigh heavily toward human authorship."
SYNTH-0033,72,1,"The comment has several strong markers of human authorship: a specific, emotionally grounded personal anecdote (mother in ICU, Cincinnati, February 2023, named hospital 'Mercy General'), concrete details about a cardiologist conversation, references to a specific research area (pulse oximetry errors at Brigham and Women's), and a personal connection to nurses dealing with alert fatigue. The argument builds organically from personal experience to policy critique, which feels authentic. The tone is frustrated but measured, and the writer acknowledges uncertainty ('I genuinely don't know'). However, there are some features that give slight pause: the essay is unusually well-structured for a public comment, moving systematically through safety, accountability, bias, workforce, and reimbursement with near-perfect logical flow. The paragraph transitions are smooth and the rhetorical arc is polished. The final paragraph's framing ('built the economic structure before you've built the accountability structure') has a slightly aphoristic quality common in AI text. The rule-of-three constructions appear occasionally ('knew her, knew she'd had a bad reaction... knew she was anxious'). Overall, the personal specificity, the genuine uncertainty expressed, the slightly imperfect but passionate argumentation, and the authentic emotional grounding outweigh the structural polish, suggesting a well-educated human author rather than AI generation."
SYNTH-0034,85,1,"This comment reads as highly personal and human-authored. Key indicators of human authorship include: (1) a specific, detailed personal anecdote about the author's mother at a named hospital in a named city with a specific date and a vivid, emotionally resonant detail ('the nurse noticed my mother's color was off'); (2) the comment ends abruptly mid-sentence, which is a strong signal of authentic human writing rather than AI generation, which almost always produces complete, polished outputs; (3) the rhetorical style is conversational and self-aware ('there's something else that's harder to articulate but I'll try'); (4) the argument structure is somewhat meandering and non-formulaic, moving between personal experience, policy critique, workforce concerns, and philosophical reflection without a tidy conclusion; (5) the explicit self-qualification ('I'm not anti-technology, I want to be clear about that') feels like a natural human hedge rather than a structured rhetorical move. Some features that could hint at AI include the relatively sophisticated policy vocabulary and the citation of the 2024 AMA survey statistic, but these are consistent with an informed, engaged citizen. The incomplete final sentence is the strongest single indicator of human authorship."
SYNTH-0035,85,1,"This comment reads as highly personal and grounded in a specific lived experience (mother's hospitalization at Mercy General in Sacramento in February 2023 with a pulmonary embolism). The narrative voice is conversational and self-correcting ('I'm not totally opposed to everything here, I want to be honest about that'), which is characteristic of genuine human writing. The aside about the physician's comment feeling like 'a normal Tuesday' is a vivid, idiosyncratic observation. The comment moves organically from personal anecdote to policy critique without feeling artificially structured. The reference to the Obermeyer et al. 2019 Science study is specific and accurate, suggesting genuine familiarity with the literature. The nurse anecdote about charting time is concrete and specific. The closing 'One more thing and then I'll stop' is a natural human conversational marker. There are some features that could hint at AI — the comment is well-organized, covers multiple policy dimensions systematically, and uses some polished phrasing — but the overall texture, including the self-interruptions, the personal framing, and the slightly uneven structure, strongly suggests human authorship. The policy arguments, while coherent, are not perfectly balanced or exhaustive in the way AI tends to produce."
SYNTH-0036,91,1,"This comment reads as highly human-authored. Several features support this: (1) The opening anecdote about the mother's ICU stay is specific and emotionally grounded, with a named nurse (Darnell), a specific hospital (Regions Hospital in St. Paul), a specific date (February 2023), and a specific time (2 a.m.) — the kind of granular personal detail that AI tends to either omit or render more generically. (2) The comment ends abruptly mid-sentence ('the RFI seems to treat them somewhat'), which is a hallmark of a human writer running out of space or time, not an AI that would naturally complete its thought. (3) The rhetorical voice is uneven in a human way — it shifts between policy-wonk precision (citing the Obermeyer 2019 Science study by name) and colloquial asides ('And then I'll stop'). (4) The argument structure is not perfectly balanced; it meanders somewhat, returns to personal narrative, and doesn't follow a clean thesis-body-conclusion arc. (5) The specific cultural detail about the mother being Hmong and 71 years old, and the observation that her symptom presentation 'doesn't always match the standard profile,' feels like lived knowledge rather than constructed illustration. (6) The critique of 'human in the loop' as 'mostly fiction' given real working conditions is a nuanced, somewhat cynical insider observation that feels authentically human. (7) The final incomplete sentence strongly suggests a character-limited submission or a human who simply ran out of steam. Minor AI-like features include the relatively clean paragraph structure and the policy-specific framing, but these are outweighed by the human signals."
SYNTH-0037,72,1,"The comment has several strong markers of human authorship: a specific, emotionally grounded personal anecdote with concrete details (St. Luke's Hospital, Cedar Rapids, February 2023, pulmonary embolism, four-hour wait), genuine frustration expressed in an authentic, non-performative way ('That's the part that still makes me angry, honestly'), and a conversational, slightly meandering structure that reflects real thought rather than optimized argumentation. The writer acknowledges complexity and fairness ('I want to be fair here') in a way that feels genuine rather than formulaic. The policy recommendations at the end are specific and technically informed without being exhaustive or perfectly balanced. However, there are some features that give slight pause: the comment is quite well-organized for a personal submission, moving from anecdote to systemic critique to specific policy ask in a fairly clean arc; the paragraph on bias includes a citation-like reference ('published research on this going back to at least 2019') that feels slightly polished; the accountability diffusion argument is articulated with notable clarity and precision; and the final paragraph with the specific regulatory recommendation is crisp in a way that could suggest AI assistance. On balance, the personal narrative is specific and emotionally authentic enough, and the prose has enough rough edges and genuine voice, to suggest a real human author, possibly one who is educated and engaged with health policy issues."
SYNTH-0038,85,1,"The comment reads as genuinely human in several ways: it opens with a specific, emotionally grounded personal anecdote (mother at Mercy General, Sacramento, February 2023, perforated bowel) with concrete details that feel lived-in rather than illustrative; the author explicitly self-identifies as a retired middle school science teacher and caregiver and acknowledges not knowing 'all the right regulatory vocabulary,' which is a humble, self-aware admission typical of real public commenters; the rhetorical questions are left genuinely open ('Accelerate toward what, exactly' — notably missing a question mark, a small grammatical informality consistent with human writing); the argument meanders somewhat naturally, moving from personal story to policy critique to workforce concern without a perfectly clean structure; the UnitedHealth NAAS algorithm litigation reference and the Stanford 2022 study citation feel like things a motivated layperson would have researched and included; the final paragraph about workforce training is flagged by the author themselves as lacking a citation and being intuitive rather than documented, which is a very human admission. Some features could hint at AI — the comment is fairly well-organized, covers multiple policy dimensions, and uses some polished phrasing — but the overall texture, including the incomplete question marks, the self-deprecating asides, and the emotional throughline, strongly suggests human authorship."
SYNTH-0039,72,1,"The comment has several strong human indicators: the opening personal anecdote about the mother in the ICU is specific (St. Luke's, Kansas City, February 2023, eleven days, the detail about the grandmother dying on a ventilator), emotionally grounded, and not generically framed. The argument flows from personal experience to policy concern in a way that feels authentic rather than templated. The writer acknowledges counterarguments naturally ('I know gets mentioned a lot') and shows genuine ambivalence rather than a perfectly balanced pro/con structure. The specific factual claim about FDA clearing 500+ AI-enabled devices by late 2022 feels like something a knowledgeable person would cite. However, there are some features that give pause: the rhetorical structure is quite polished and organized across paragraphs, each addressing a distinct concern (reimbursement incentives, bias, accountability, regulatory framing) in a way that feels somewhat systematic. The phrase 'That is a slow-moving kind of harm' and 'It scales it' have an aphoristic quality common in AI writing. The accountability paragraph with the three-party blame-shifting scenario (hospital, vendor, physician) is very cleanly constructed. The closing pivot — reframing the RFI's question — is rhetorically elegant in a way that could suggest AI polish. Overall, the personal specificity and emotional authenticity of the opening, combined with the somewhat uneven but genuine-feeling prose, tips toward human authorship, though with notable polish."
SYNTH-0040,85,1,"This comment reads as highly human-authored for several reasons: (1) It opens with a specific, verifiable personal anecdote (St. Mary's Medical Center, Evansville, Indiana, February 2023, pulmonary embolism) that is concrete and emotionally grounded without being overwrought. (2) The writer explicitly acknowledges uncertainty ('I'm genuinely uncertain about some of this'), which is a hallmark of authentic human ambivalence rather than AI's tendency toward balanced but confident conclusions. (3) The prose has an uneven, conversational rhythm — phrases like 'just... caution' with the ellipsis, 'keeps nagging at me,' and 'I guess what I'd ask' feel like genuine hedging rather than structured rhetoric. (4) The closing paragraph returns to the specific nurse and adds a new detail ('the new system they rolled out in late 2024') that feels like a real person's lingering worry rather than a rhetorical callback. (5) The Obermeyer et al. 2019 Science citation is accurate and specific, consistent with someone who has actually read the literature. (6) The argument is not perfectly balanced — it leans skeptical throughout, which is more characteristic of a human with a genuine position than AI's tendency to present multiple sides evenly. (7) The workforce paragraph feels somewhat digressive and unresolved, which is human. Minor AI-like features include the fairly clean paragraph structure and the policy-critique framing, but these are outweighed by the personal, specific, and emotionally authentic elements throughout."
SYNTH-0041,85,1,"This comment reads as genuinely human-authored for several reasons: (1) It opens with a specific, emotionally grounded personal anecdote with concrete details (Advocate Lutheran General Hospital, Park Ridge, Illinois, March 2023, eleven days in ICU) that feel authentic rather than illustrative. (2) The rhetorical voice is uneven in a human way — the writer shifts between analytical critique and personal frustration, uses sentence fragments ('Accelerate. That word is doing a lot of work here'), and leaves a question without a question mark ('what exactly are we training them on'). (3) The argument is not perfectly balanced or structured; it meanders somewhat, with the workforce paragraph feeling like a digression the writer felt compelled to include. (4) The closing paragraphs are blunt and slightly abrupt ('Efficiency for whom') in a way that feels like genuine irritation rather than rhetorical polish. (5) The self-disclaimer ('I'm not a luddite about this') is a common human defensive move. Some features could hint at AI — the organized progression of concerns, the policy-aware framing — but the imperfect punctuation, the incomplete question, and the personal narrative anchor suggest a real person writing with care and some emotion."
SYNTH-0042,72,1,"The comment has several strong markers of human authorship: a specific, emotionally grounded personal anecdote with named details (nurse named Delores, Emory University Hospital, February 2023, 2 in the morning, PE diagnosis), a consistent and somewhat idiosyncratic voice throughout, self-corrections and hedging ('I feel like gets framed,' 'I don't know exactly what the right framework looks like'), and references to specific real-world reporting (ProPublica and CBS News 2023) that feel like genuine recall rather than fabricated citations. The argument builds organically from personal experience to policy concern without feeling artificially structured. The writer acknowledges complexity and limits their own certainty in ways that feel authentic. However, there are some features that give slight pause: the prose is unusually polished and well-organized for a public comment, the transitions between paragraphs are smooth and logical, the argument covers multiple policy dimensions (validation gaps, accountability diffusion, workforce effects, insurance AI) in a balanced and comprehensive way that could suggest AI assistance, and the final paragraph has a somewhat tidy rhetorical close. The phrase 'a veneer of automation over it' is evocative but also slightly literary. On balance, the specificity of the personal story, the named individual, the institutional detail, and the genuine emotional register outweigh the structural polish, suggesting a human author who writes well."
SYNTH-0043,72,1,"The comment has several strong markers of human authorship: it opens with a specific personal anecdote (mother's hospitalization in Tucson, February 2023) with concrete sensory detail; it includes a self-correction ('I may be misremembering the institution'); it explicitly acknowledges lacking a citation ('I don't have a citation for this, it's more of an intuition'); and it expresses genuine frustration and personal stakes throughout. The tone is conversational and occasionally digressive in a natural way. However, there are some features that give slight pause: the argument is unusually well-structured and comprehensive for a public comment, covering liability, bias, workforce pipeline, prior authorization, and reimbursement in a systematic way that feels slightly curated; the prose is consistently polished with no grammatical stumbles; the paragraph on bias reads somewhat like a summary of standard talking points even while acknowledging that risk ('I know gets raised constantly'); and the final 'specific ask' paragraph has a clean policy-memo quality. The self-deprecating hedges ('I may be misremembering,' 'I don't have a citation') could be authentic human uncertainty or could be AI-inserted humanizing touches. On balance, the personal anecdote, the specific institutional reference with uncertainty, and the genuine emotional register tip this toward human authorship, though a sophisticated AI prompt could produce similar results."
SYNTH-0044,72,1,"This comment has several strong human markers: the opening personal anecdote about the mother in the ICU is specific and emotionally grounded (Mercy General, Cincinnati, February 2023, 2am, the nurse's face), the self-deprecating acknowledgment of limited expertise ('I'm not a clinician and I don't want to pretend I have all the answers'), the abrupt cut-off at the end suggesting a character limit was hit mid-sentence, and the conversational hedging ('I'll be honest that I understand the regulatory details there less well'). The comment also references a specific real study (Obermeyer et al., 2019, Science) accurately. However, there are some features that could suggest AI involvement: the comment is unusually well-organized for a personal submission, moving systematically through liability, workforce, bias, and reimbursement concerns; the prose is quite polished with smooth transitions; the rhetorical move of 'I want to be fair here' followed by a balanced concession is a common AI pattern; and the concluding reframe ('ask what conditions would need to be true before acceleration is appropriate') is a very clean policy-style formulation. On balance, the personal specificity, the incomplete ending, and the self-limiting epistemic humility feel genuinely human, while the structural coherence and rhetorical polish introduce some doubt. Most likely human-written, possibly lightly edited."
SYNTH-0045,72,1,"The comment has several strong human markers: a specific, emotionally grounded personal anecdote with named individuals (Dolores, Scripps Mercy, February 2023), references to specific external sources (STAT News, 2021-2022 reporting on sepsis prediction tools), self-identification as a patient advocate rather than a lawyer, and an abrupt, unfinished ending mid-sentence ('before we') that strongly suggests a human hitting a character limit or losing their train of thought. The argument structure is coherent but not perfectly balanced — the writer explicitly narrows focus ('I'll focus on this because it's what I actually know something about'), which is a human hedging move. The emotional register is personal and specific rather than generically empathetic. However, there are some features that could hint at AI involvement: the rhetorical structure is quite polished (personal story → policy critique → steelmanning the other side → return to values → specific ask), the prose is unusually clean and well-organized for a public comment, and phrases like 'Some friction in the system exists for reasons' have an aphoristic quality sometimes seen in AI output. The balance of evidence — particularly the abrupt cutoff, the named nurse, the specific dates, and the self-deprecating disclaimer about not being a lawyer — tips toward human authorship."
SYNTH-0046,85,1,"This comment reads as genuinely human-authored. Key indicators: (1) The opening personal anecdote is specific and emotionally grounded — naming the hospital (Emory University Hospital), the exact duration (eleven days), the month and year (January 2023), and a vivid detail about a doctor sitting with the family for forty minutes on a Tuesday night. These specifics feel lived-in rather than constructed. (2) The comment ends abruptly mid-sentence ('trained to supervise systems rather than to'), which is a hallmark of a human hitting a character limit or losing their train of thought — AI would almost never produce an incomplete sentence at the end. (3) The rhetorical style is conversational and somewhat meandering, with hedges like 'I guess what bothers me most' and 'I feel like gets mentioned and then sort of moved past,' which feel authentically human. (4) The argument structure is not perfectly balanced or symmetrical — it wanders from personal narrative to policy critique to bias concerns to accountability to workforce, without a tidy conclusion. (5) The citation of the 2019 Science study on algorithmic bias is accurate and specific, consistent with someone who has genuinely been following this topic. (6) The phrase 'Which is appropriate' as a standalone sentence fragment is a natural human rhetorical move. (7) The emotional register is consistent throughout — worried, reflective, not performatively outraged. The only mild AI-like feature is the organized topical progression (bias, accountability, doctor-patient relationship, workforce), but even this is loose and imperfect enough to feel human."
SYNTH-0047,85,1,"The comment reads as highly personal and grounded in specific lived experience — the opening anecdote about the mother at St. Luke's in Kansas City in February 2023 is concrete and emotionally resonant without being melodramatic. The author identifies themselves as a healthcare administrator of 14 years, which gives a plausible professional vantage point that explains the blend of operational insight and policy critique. The writing has natural rhetorical rhythms that feel earned rather than formulaic — phrases like 'pitch decks,' 'restructured out of the workflow,' and 'indemnification clauses are extraordinary' feel like the vocabulary of someone who actually works in this space. The argument builds organically from personal experience to professional observation to policy critique, with some digression and emphasis that feels human. The Obermeyer et al. citation is accurate and specific, which could go either way (AI or informed human), but the way it's introduced ('probably the most cited') sounds like someone who has actually read in this area rather than a model performing expertise. There are minor stylistic features that could hint at AI — the somewhat balanced structure, the clean paragraph transitions, the policy-fluent language — but these are also consistent with a literate professional who writes well. Overall, the specificity, the personal stake, the professional framing, and the slightly uneven but authentic rhetorical texture strongly suggest human authorship."
SYNTH-0048,72,1,"The comment has several strong markers of human authorship: a specific, detailed personal anecdote with named hospital, city, date, and emotionally resonant narrative details (the neighbor's warning about blood thinners, the 40-minute conversation); genuine policy frustration expressed in colloquial terms ('push back on the framing pretty hard'); and a somewhat uneven structure that meanders through concerns rather than following a clean outline. The writer demonstrates specific domain knowledge (De Novo pathway, FDA software-as-medical-device framework, prior authorization) that feels earned rather than surveyed. The rhetorical voice is personal and occasionally informal ('I don't think anyone knows the answer to that'). However, there are some features that give slight pause: the comment is unusually well-organized for a public comment, moving systematically through accountability, clinical reasoning degradation, workforce, and regulatory recommendations; the paragraph transitions are smooth; and the closing policy recommendation is precisely framed. The balance of evidence suggests a knowledgeable human writer — possibly a clinician, health policy professional, or patient advocate — who writes well and may have edited carefully, rather than AI generation."
SYNTH-0049,85,1,"This comment reads as largely human-written. Key indicators: (1) Opens with a specific, emotionally grounded personal anecdote (mother hospitalized at Mercy General in Sacramento in 2019) that anchors the entire argument in lived experience rather than abstract policy concern. (2) The argument is not perfectly balanced or structured — it meanders somewhat, returns to the workforce question mid-comment, and acknowledges its own tangents ('I know those are different functions'). (3) The closing paragraph returns to the personal story in a way that feels emotionally authentic rather than rhetorically constructed. (4) References specific, verifiable sources (JAMA Dermatology, UnitedHealthcare algorithm lawsuits) in a casual, non-exhaustive way that suggests genuine familiarity rather than AI-style comprehensive citation. (5) The tone is skeptical and somewhat frustrated without being perfectly calibrated — phrases like 'I can't get past' and 'I don't think AI has no place in medicine. I'm not saying that' feel like genuine hedging rather than structured balance. (6) Some minor structural features (paragraph-by-paragraph organization, the policy critique being fairly well-organized) could hint at AI assistance, but the overall voice, the personal grounding, and the occasional rhetorical roughness suggest a thoughtful human author who may have organized their thoughts carefully before writing."
SYNTH-0050,72,1,"The comment has several strong markers of human authorship: a specific, emotionally grounded personal narrative (mother's ICU stay at Emory, February 2023, eleven days, sepsis), concrete details about the night attending vs. pulmonologist argument on day four, and a self-deprecating acknowledgment ('I don't have a law degree and I'm not going to pretend I know how liability works'). The writer cites a specific real paper (2021 JAMA Internal Medicine on Epic's sepsis tool) with appropriate hedging. The prose has natural digression and personal voice ('That arguing was important, actually'). However, there are some features that give slight pause: the comment is unusually well-structured for a lay person, moving systematically through deployment, accountability, workforce training, reimbursement, and surveillance — almost like a policy memo. The transitions between sections are smooth and comprehensive in a way that slightly resembles AI organization. The final paragraph's policy recommendation (post-market surveillance broken down by race, income, primary language, disability status) is precisely the kind of comprehensive, balanced list AI tends to produce. The phrase 'layered on top of the existing system' and 'that distinction matters enormously' are mildly AI-typical constructions. Overall, the personal narrative and specific citations feel genuinely human, and the policy sophistication could reflect a well-informed layperson or patient advocate, so I lean toward human authorship."
SYNTH-0051,72,1,"The comment has several strong markers of human authorship: a specific, emotionally grounded personal anecdote with concrete details (St. Luke's, Kansas City, February 2023, pulmonary embolism), self-aware hedging ('I'll try to stay focused because I could go on about this for a long time'), and an informal closing line ('There's no timeline for reimbursing that') that feels genuinely personal rather than rhetorically constructed. The argument builds organically from personal experience to policy critique, which is a natural human pattern. The writer references specific knowledge domains (risk management conversations, validation dataset demographics) in a way that feels experiential rather than encyclopedic. However, there are some features that give slight pause: the essay is unusually well-structured for a public comment, moving cleanly from anecdote to accountability to reimbursement incentives to workforce effects; the paragraph on dataset bias (predominantly white, male, academic medical centers) reads like a well-rehearsed talking point; the rhetorical balance is quite polished throughout; and the conclusion ties back neatly to the opening anecdote in a way that feels slightly crafted. The overall voice is consistent and the prose is clean without being sterile. On balance, the personal specificity, the self-interrupting asides, and the genuine emotional investment in the opening story outweigh the structural polish, suggesting a human author who writes well — possibly someone with policy or advocacy experience."
SYNTH-0052,85,1,"The comment reads as highly personal and grounded in specific lived experience — the ICU story about the mother at St. Luke's in Kansas City with concrete details (eleven days, February 2023, a resident noticing agitation, an imaging order) feels authentic and not like a constructed illustrative anecdote. The author self-identifies as a hospital administrator, not a physician, which is a specific and somewhat unusual perspective that adds credibility. The writing has natural hedging ('I genuinely can't find,' 'almost certainly,' 'that seems like'), self-correction ('Not hypothetically wrong, actually wrong'), and informal asides ('though that's its own disaster for other reasons') that feel organic. The argument builds somewhat messily from personal experience to policy concern, which is more human than the clean structured progression typical of AI. There is some rhetorical polish — the closing paragraph is well-structured, and the phrase 'that conflation is doing some work that should be made explicit' is a bit sophisticated — but these could reflect an educated professional writer. The comment does not use the typical AI patterns of bullet points, headers, or perfectly balanced tripartite structures. The emotional register is controlled but present. Minor AI-suggestive features include the somewhat clean narrative arc and the polished final policy question, but these are outweighed by the specificity, the personal voice, and the natural imperfections throughout."
SYNTH-0053,87,1,"The comment reads as genuinely human-authored for several reasons: it opens with a specific, emotionally grounded personal anecdote (mother in ICU at a named hospital in Cincinnati in February) that feels authentic rather than illustrative; the writer self-identifies as a medical social worker, which grounds the perspective in a specific, non-obvious professional role; the prose has natural irregularities including a sentence fragment at the end ('Once you deskill a profession it's very hard to rebuild that capacity if the technology fails or') that cuts off mid-thought, strongly suggesting a real person who ran out of space or lost their train of thought; the comment references a specific 2023 news story about sepsis prediction tools and false positives in a casual, recalled way rather than a formally cited way; the tone shifts naturally between personal, analytical, and frustrated registers; the writer hedges their own expertise ('I don't have a technical opinion on algorithm validation methods or whatever specific regulatory standard applies here') in a self-aware, human way; the phrase 'question 4 or 5 in the RFI' suggests genuine uncertainty about the document rather than careful AI-generated precision. The writing is articulate but not overly polished, and the argument builds organically rather than following a structured AI-typical outline."
SYNTH-0054,85,1,"The comment reads as genuinely human-authored for several reasons: (1) It opens with a specific, emotionally grounded personal anecdote with concrete details (Mercy General, Sacramento, February 2023, pulmonary embolism, nineteen-year nurse) that feel authentic rather than illustrative. (2) The argument is not perfectly balanced — the author is clearly skeptical of AI adoption and doesn't give equal weight to both sides, which is more characteristic of human advocacy than AI-generated 'balanced' commentary. (3) The prose has natural variation in sentence length and rhythm, including abrupt short sentences ('She's alive.') that feel emotionally driven. (4) The author acknowledges limitations in their own argument ('though HHS's RFI is focused on clinical care specifically') in a way that feels like genuine self-correction rather than structured hedging. (5) The reference to nH Predict and the 2023 lawsuit is a specific, verifiable real-world detail that suggests genuine research by an engaged person. (6) The workforce concern about LPNs and medical assistants making $38,000 a year is a specific, class-conscious observation that feels personally motivated. (7) The closing paragraph is emotionally resonant without being rhetorically polished in the way AI tends to produce. Some features could hint at AI (the organized paragraph structure, the policy-fluent language), but the overall voice, the personal stakes, and the argumentative asymmetry point strongly toward human authorship."
SYNTH-0055,85,1,"This comment reads as genuinely human-authored for several reasons: (1) It opens with a specific, emotionally grounded personal narrative with concrete details (Mercy General, Sacramento, February 2023, pulmonary embolism) that feel authentic rather than illustrative. (2) The writer explicitly acknowledges uncertainty and limitations in their own argument ('I know that sounds vague,' 'I'm not sure this maps cleanly onto any specific question,' 'I'd have to look up the exact citation'), which is characteristic of genuine human reflection rather than AI-generated polish. (3) The argument is deliberately unresolved — the writer explicitly says 'I don't have a clean policy ask here,' which runs counter to AI's tendency to provide structured conclusions. (4) The prose has an uneven, searching quality — ideas are introduced, partially developed, and sometimes abandoned, which mirrors authentic human thinking. (5) The reference to consulting two malpractice attorneys 'just to understand the landscape' is a specific, idiosyncratic detail that feels lived-in. (6) The emotional register is restrained but present throughout, without the performative balance AI often imposes. Some features could hint at AI (the organized paragraph structure, the acknowledgment of counterarguments), but these are also consistent with a thoughtful, educated human writer. The overall texture — including the self-doubt, the imprecise citation, and the refusal to wrap up neatly — strongly suggests human authorship."
SYNTH-0056,40,0,"1. The comment is highly polished and well-structured, moving smoothly from personal anecdote to policy argument to specific technical concerns — a narrative arc that is unusually clean for a public comment. 2. The personal anecdote (mother's hospitalization) is vivid but functions almost perfectly as a rhetorical setup device, transitioning seamlessly into policy critique without the messiness typical of genuine personal testimony. 3. The comment demonstrates an unusually broad and well-integrated knowledge base: liability/indemnification clauses, ProPublica/COMPAS reporting, FDA clearance statistics (700+ devices), distribution shift in ML, post-market surveillance — all cited fluently and in sequence, which is atypical for a layperson family member. 4. The phrase 'sit with' in 'I want HHS to sit with' is a characteristic AI-generated empathetic/rhetorical softener. 5. The self-qualifying passage ('I'm genuinely uncertain about some of this') reads as a deliberate rhetorical move to appear balanced and human, a common AI technique. 6. The sentence 'More hospitals using a biased tool faster is not progress' has the compressed, aphoristic quality typical of AI-generated persuasive writing. 7. The comment ends mid-sentence ('an 81-year-old woman with a history of autoimmune'), which could be a human truncation artifact but could also be a deliberate AI technique to simulate authenticity and incompleteness. 8. The transition from personal story to abstract policy is too smooth — real family members writing about sick relatives tend to stay closer to the emotional register longer. 9. The paragraph structure is highly organized with each paragraph addressing a distinct sub-topic (liability, bias, framing, administrative vs. clinical AI, pace/surveillance, ask), which is more characteristic of AI outlining than organic human writing. 10. The phrase 'diffuse in a way that helps nobody except the people selling the product' has a rhetorically balanced, AI-like cadence."
SYNTH-0057,85,1,"This comment reads as highly personal and emotionally grounded, anchored by a specific, verifiable-sounding anecdote (Riverside University Health System, Moreno Valley, February 2023, five-day admission, nine-day readmission window). The narrative voice is consistent throughout — frustrated, analytical, and self-aware ('I recognize I'm running long'). The author cites a real, specific study (Obermeyer et al., Science, 2019) accurately and contextualizes it with genuine policy critique rather than generic praise. The rhetorical structure is argumentative but not perfectly balanced — it meanders slightly in ways consistent with human writing. The closing line ('My mother needed a person. The algorithm said she didn't.') is emotionally resonant and stylistically distinctive in a way that feels human rather than AI-generated. There are a few features that could hint at AI assistance — the comment is unusually well-organized for a public docket submission, the policy critique is sophisticated and multi-layered, and the transitions between sections are smooth. However, the personal specificity, the self-interrupting asides, the slightly uneven paragraph lengths, and the genuine emotional stakes all point strongly toward human authorship. The pushback on the word 'accelerate' as doing rhetorical work is a subtle, intellectually engaged observation more typical of a thoughtful human writer than AI generation. Overall, this reads like a well-educated person — possibly with a policy or healthcare background — writing from personal experience."
SYNTH-0058,72,1,"The comment has several strong human indicators: a specific, detailed personal anecdote (mother in ICU at St. Joseph's Medical Center in Stockton, CA, February 2023, day six, potassium drop) that grounds the argument in lived experience; a conversational, slightly meandering structure that doesn't follow a perfectly polished essay format; the phrase 'honestly' used mid-paragraph as a natural hedge; the acknowledgment 'I'm not someone who thinks technology is inherently bad' reads as a genuine defensive posture a real person might take; and the final paragraph ends abruptly without a tidy conclusion, which is more human-like. However, there are some features that give slight pause: the argument is unusually well-organized and covers multiple policy dimensions (accountability gaps, bias encoding, reimbursement incentives) in a systematic way that could suggest AI assistance; the rhetorical structure of 'A doctor who makes a biased decision can be confronted. A model that makes a biased decision gets called evidence-based' is a polished antithesis that feels slightly crafted; and the transitions between paragraphs are smooth. On balance, the personal specificity, the slightly imperfect structure, and the genuine emotional grounding suggest a real human author who may be educated and articulate, possibly with policy or healthcare background."
SYNTH-0059,72,1,"The comment reads largely as human-written, with several convincing markers: a specific, emotionally grounded personal anecdote (mother at Mercy Medical Center in Baltimore, Dr. Ramos, fall 2022, congestive heart failure with secondary infection and autoimmune questions), self-aware hedging ('I know how this sounds,' 'I'm not a lawyer or a policy expert'), and a somewhat rambling but coherent argumentative structure that mirrors how an engaged layperson might write. The pulse oximetry reference is specific and accurate, suggesting genuine prior reading. The workforce argument has a colloquial, slightly frustrated tone ('that's how these efficiency arguments always play out in practice') that feels authentic. However, there are some features that give slight pause: the overall structure is quite well-organized for a public comment (personal anecdote → technology skepticism → regulatory critique → bias concerns → workforce concerns → administrative burden → concrete asks), the transitions between sections are smooth, the rhetoric is balanced in a way that preemptively addresses counterarguments ('I'm not anti-technology,' 'I'm not dismissing that'), and the concluding policy asks are cleanly enumerated. The comment is also notably free of typos or grammatical irregularities. These features could indicate AI assistance or a very careful human writer. On balance, the specificity of the personal narrative and the authentic-sounding frustration tip toward human authorship, though possibly lightly edited or assisted."
SYNTH-0060,87,1,"The comment reads as genuinely human-authored for several reasons: (1) It opens with a specific, personal anecdote grounded in concrete details (Mercy General, Des Moines, February 2023, 11 days, cardiac unit) that feel authentic rather than illustrative; (2) The writer explicitly acknowledges uncertainty and limits of their own knowledge ('I don't know all the legal details and I'm not a lawyer,' 'I feel less confident about, honestly,' 'I genuinely don't know how they'd apply here'), which is a hallmark of authentic human epistemic humility rather than AI-generated false modesty; (3) The argument structure is somewhat meandering and non-linear, moving from personal experience to insurance concerns to workforce issues to transparency demands without a clean rhetorical arc; (4) The reference to the ProPublica/UnitedHealth nH Predict reporting is specific and accurate, and the framing ('comes to mind') feels like genuine recall rather than curated citation; (5) The emotional core — the mother being 74, 'a person with rights,' deserving to know — feels personal and unpolished; (6) The sentence 'I don't know if that's something HHS can require through this process or whether it would need to go through a different regulatory channel' reflects genuine procedural uncertainty typical of a non-expert citizen commenter. Minor concerns: the comment is fairly well-organized and articulate, but this is consistent with an educated, engaged citizen rather than AI generation."
SYNTH-0061,72,1,"The comment has several strong markers of human authorship: a specific, named personal anecdote (Lehigh Valley Hospital, Dr. Reyes, October 2022, 2 AM conversation) that grounds the argument emotionally; a somewhat meandering structure that moves from personal experience to policy critique without a perfectly clean arc; colloquial hedging ('I'm not sure I can fully articulate,' 'I don't want to come across as'); and genuine frustration that feels personal rather than performed. The policy arguments are substantive and specific (Stanford 2023 study, named health systems, CMS reimbursement mechanics, liability gap). However, there are some features that give slight pause: the rhetorical structure is quite polished — each paragraph addresses a distinct policy concern in a logical sequence; the closing 'specific ask' paragraph is unusually well-organized for a public comment; the phrase 'that word accelerate is doing a lot of work here' is a somewhat literary/analytical construction; and the overall argument builds coherently from personal story to systemic critique to concrete policy recommendation, which is a common AI essay structure. The balance of evidence leans toward human authorship — the personal detail is too specific and the emotional register too consistent with genuine frustration — but the polish of the argument introduces some uncertainty."
SYNTH-0062,72,1,"The comment has several strong markers of human authorship: the opening personal anecdote about a specific nurse named Darlene at a named hospital in a named city with a specific date is vivid and emotionally grounded in a way that feels authentic; the hospice care professional perspective is consistently maintained throughout; the reference to a specific ProPublica investigation and Evicore/UnitedHealth Group shows real-world knowledge engagement; the writing has genuine rhetorical passion without being perfectly balanced. However, there are some features that give slight pause: the essay has a very clean structural arc (personal anecdote → framing critique → specific harm examples → accountability gap → workforce concerns → conclusion → specific policy ask) that is more organized than typical human comments; the phrase 'load-bearing' as a metaphor for friction is a somewhat distinctive rhetorical flourish; the closing paragraph with a specific policy question is very cleanly formulated; the sentence 'accelerating adoption before the safety, accountability, and equity frameworks are in place is not moving forward, it's just moving fast' has a polished aphoristic quality. Overall, the specificity of personal experience, the consistent professional voice, and the genuine emotional texture outweigh the structural tidiness, suggesting this is more likely human-written, possibly by someone who writes professionally or advocates regularly."
SYNTH-0063,72,1,"The comment has several strong markers of human authorship: it opens with a specific, detailed personal anecdote (Mercy General in Cincinnati, March 2023, six-day stay, cardiac event, eleven days later readmission) that reads as genuinely lived experience rather than a constructed scenario. The emotional register is controlled but present, and the writer explicitly acknowledges complexity ('I don't think people who want AI tools in medicine are acting in bad faith'). The comment ends abruptly mid-sentence ('not just as a suggestion in agency guidance that'), which is a very human artifact suggesting a character limit was hit or the writer stopped editing — AI would almost never produce an incomplete trailing sentence. The rhetorical structure is sophisticated but not perfectly balanced in the way AI tends to produce. The phrase 'Where is the efficiency in that.' ends without a question mark, which is a stylistic human choice conveying flat rhetorical frustration. However, there are some features that could suggest AI assistance: the transitions between sections are quite smooth and organized, the policy arguments are well-structured and comprehensive, the prose is unusually polished for a public comment, and there is a somewhat formulaic progression from personal story to systemic critique to specific policy demands. The vocabulary ('intermediated,' 'diffusion of responsibility') is elevated. On balance, the incomplete final sentence and the specific personal details tip this toward human authorship, possibly with light editing or drafting assistance."
SYNTH-0064,87,1,"The comment reads as genuinely human-authored for several reasons: (1) It opens with a specific, emotionally grounded personal anecdote with concrete details (Mercy General in Cincinnati, February 2023, eleven days, day-two nurse, arm-holding observation) that feel lived-in rather than illustrative; (2) The writer explicitly identifies as a retired social worker and acknowledges being outside the expected audience, a self-deprecating move typical of real commenters; (3) The prose has natural unevenness — the parenthetical 'I do' after 'I understand the efficiency argument' reads as conversational self-interruption; (4) The Cigna reference with the 1.2-seconds-per-case statistic is a real, documented news story from 2023, cited in a way that feels like someone who actually read it rather than a generic AI summary; (5) The closing line ('it doesn't look like a dashboard') is a punchy, idiosyncratic turn of phrase that feels personally crafted; (6) The argument structure is coherent but not perfectly balanced — it meanders slightly from ICU care to insurance to auditing to disclosure, which mirrors how a thoughtful non-expert actually thinks through a topic. Some features could hint at AI (smooth transitions, well-organized paragraphs, the policy-to-personal arc), but the specificity of the personal narrative and the authentic voice of a non-expert engaging earnestly with a technical RFI strongly suggest human authorship."
SYNTH-0065,85,1,"The comment reads as genuinely human-authored for several reasons: (1) It opens with a specific, emotionally grounded personal anecdote with concrete details (St. Luke's, Kansas City, February 2023, pulmonary embolism, eighteen hours) that feel authentic rather than illustrative. (2) The writer explicitly acknowledges difficulty articulating a feeling ('There's also something I can't quite articulate but feel strongly about'), which is a hallmark of genuine human uncertainty rather than AI's tendency toward confident, polished expression. (3) The argument structure is somewhat meandering and personal rather than systematically organized — it moves from personal story to policy critique to workforce concerns without a clean thesis-driven structure. (4) The tone shifts naturally between emotional register and policy analysis in ways that feel organic. (5) The self-correction ('I want to be fair — I'm not saying there's nothing useful here') feels like genuine hedging rather than rhetorical balance. (6) The specific policy recommendation at the end (independent failure analysis, not vendor-funded) is concrete and practical without being exhaustive or perfectly balanced. Some features that could hint at AI: the comment is fairly well-organized and articulate throughout, and the workforce paragraph is quite polished. However, the overall texture — including the admitted inability to fully articulate a concern, the personal stakes, and the non-exhaustive structure — strongly suggests human authorship."
SYNTH-0066,85,1,"The comment reads as genuinely human for several reasons: (1) It opens with a specific, detailed personal anecdote — a named hospital, a named city, a specific date, a named doctor, and a vivid description of a 40-minute conversation — that feels authentically recalled rather than constructed. (2) The rhetorical voice is emotionally grounded and occasionally self-deprecating ('I know that sounds naive. I don't care.'), which is a distinctly human register. (3) The writer explicitly identifies as a 'retired school administrator' and disclaims expertise, which is a humble, self-aware move that AI tends not to make without prompting. (4) The argument is not perfectly balanced — the writer is clearly on one side and doesn't try to give equal weight to counterarguments, which is more human than AI's typical both-sides framing. (5) The closing callback to the mother ('My mother is fine, by the way. But she almost wasn't') feels emotionally authentic and structurally natural rather than formulaic. (6) The reference to the Cigna story is specific and accurate, suggesting real-world knowledge. Some features that could hint at AI: the comment is well-organized and flows logically from personal story to policy critique to accountability question to insurance context, which is somewhat structured. The phrase 'exactly backwards' and the rhetorical question format in the final paragraph are slightly polished. However, the overall texture — including the digressive, slightly rambling quality, the self-deprecation, and the emotional specificity — strongly suggests human authorship."
SYNTH-0067,91,1,"This comment reads as genuinely human-authored. Key indicators: (1) The opening anecdote is specific and emotionally grounded with concrete details (St. Luke's in Kansas City, February 2023, eleven days, Dr. Reyes, 6am on a Tuesday) that feel lived-in rather than illustrative. (2) The author explicitly acknowledges the limits of their expertise ('I work in healthcare administration, not clinical care, so I want to be honest about where my expertise stops'), which is a self-aware, humble move typical of real humans rather than AI that tends toward comprehensive authority. (3) The argument structure is somewhat meandering and personal rather than perfectly organized — it moves from personal story to framing critique to workplace observation to reimbursement concerns to liability to a somewhat resigned conclusion, which mirrors how a thoughtful person actually thinks through a problem. (4) The Obermeyer study citation is accurate and specific, suggesting genuine familiarity with the literature rather than a hallucinated reference. (5) The closing paragraph returns to the personal anecdote in a way that feels emotionally authentic rather than rhetorically calculated. (6) The phrase 'I guess what I want HHS to actually hear' has an informal, slightly frustrated register that is characteristic of real human advocacy writing. (7) There are no telltale AI patterns like excessive em dashes, perfectly balanced tripartite structures, or overly smooth transitions. The one mild AI-like feature is the fairly clean paragraph organization, but the content and voice strongly suggest human authorship."
SYNTH-0068,72,1,"The comment has several strong markers of human authorship: a specific, emotionally grounded personal narrative (mother's sepsis, the alcohol use disorder flag, the nurse noticing confusion), concrete details (Mercy General, Sacramento, February 2023, the JAMA 2022 study, the Cigna 1.2-seconds-per-claim story), and a willingness to express genuine uncertainty ('I'm genuinely uncertain about where exactly the lines should be'). The voice is consistent throughout and the argument builds organically from personal experience to policy critique rather than following a formulaic structure. The self-aware aside ('I know that's almost a cliche to say') feels authentically human. However, there are some features that give slight pause: the prose is unusually polished and well-organized for a public comment, with clean paragraph transitions and a coherent rhetorical arc from anecdote to systemic critique to specific policy ask. The final paragraph's policy recommendation is crisp and well-framed in a way that feels slightly more structured than typical lay writing. The comment also covers a broad range of AI-in-healthcare concerns (liability, bias, informed consent, reimbursement) in a way that feels comprehensive rather than organically limited. These features are consistent with either a highly educated, articulate human commenter or lightly AI-assisted writing. On balance, the specificity of the personal narrative, the emotional texture, and the genuine ambivalence expressed tip toward human authorship."
SYNTH-0069,85,1,"The comment reads as genuinely human-authored for several reasons: (1) It opens with a specific, detailed personal anecdote (mother, Mercy General, Sacramento, February 2023, four-day stay, cardiac event, eleven minutes) that feels authentically recalled rather than constructed. (2) The writing has an uneven, conversational rhythm with self-interruptions and qualifications ('the eleven minutes aside,' 'I know people raise all the time and sometimes it gets dismissed as generic concern-trolling') that feel like real-time thinking. (3) The author explicitly acknowledges their own potential bias and limitations ('I don't know what the legal status of that is under existing consent frameworks and I suspect HHS doesn't have a clean answer either'), which is a hallmark of genuine uncertainty rather than AI-generated false modesty. (4) The argument is not perfectly balanced — it leans heavily critical of AI adoption with only a brief concession at the end, which is more typical of a human with a strong personal stake. (5) The specific reference to the NEJM 2020 pulse oximetry study is accurate and cited casually, as someone who has actually read about the topic. (6) The prose has some minor structural looseness (the final paragraph introduces a new topic somewhat abruptly) that suggests human composition. (7) There is no formulaic conclusion or call-to-action, which AI tends to include. The comment does have some polished elements that could hint at AI assistance, but the overall texture, emotional grounding, and argumentative imperfection point strongly to human authorship."
SYNTH-0070,72,1,"This comment has several strong markers of human authorship: the specific personal anecdote about the mother's ICU stay with named details (Mercy General, Cincinnati, February 2023, Dr. Okonkwo), the emotionally authentic observation that 'scared versus pain are completely different things,' the abrupt cut-off at the end ('The comment period itself is only open until') which is a very human artifact of running out of space or time, the hedged memory about a JAMA study ('I don't remember the exact figures but the pattern was clear enough'), and the self-correcting honesty ('I'm not entirely against AI in medicine. I want to be honest about that.'). The comment also has a somewhat meandering structure that feels organic rather than perfectly organized. However, there are some features that give slight pause: the prose is quite polished and rhetorically sophisticated throughout, the argument moves through a fairly comprehensive set of policy concerns (equity, accountability, workforce, trust, sequencing) in a way that feels somewhat systematic, and phrases like 'the burden of those errors will not be distributed evenly. It never is.' have a rhetorical polish that could suggest AI assistance. The Cigna reference and JAMA citation feel like genuine research a concerned citizen might do. On balance, the personal narrative specificity, the incomplete ending, and the hedged memory references are strong human signals that outweigh the polished argumentation."
SYNTH-0071,72,1,"The comment has several strong human indicators: a specific, emotionally grounded personal anecdote with concrete details (Advocate Christ Medical Center, Oak Lawn, Illinois, February 2023, eleven days, fourteen-hour shift), a deliberate typo ('reccomendations'), and an informal, conversational register that shifts naturally between personal narrative and policy critique. The writer acknowledges uncertainty ('I don't know exactly how to quantify that risk') and uses hedged, first-person language throughout. The closing callback to the pulmonologist feels emotionally authentic rather than rhetorically engineered. However, there are some features that give slight pause: the argument structure is quite well-organized and comprehensive, moving systematically through accountability, workforce pipeline, and bias issues in a way that feels somewhat curated. The paragraph on the workforce question has a slightly lecture-like quality. The phrase 'I am not saying stop all research. I'm not even saying AI has no role in medicine' is a common AI rhetorical move of preemptively addressing counterarguments in a balanced way. The em-dash usage and some of the sentence constructions are polished. On balance, the personal specificity, the typo, the emotional authenticity, and the idiosyncratic framing (pushing back on 'barriers' as a premise) suggest genuine human authorship, possibly lightly edited or written by someone with strong writing skills."
SYNTH-0072,87,1,"The comment reads as genuinely human-authored for several reasons: (1) It opens with a specific, emotionally grounded personal anecdote with concrete details (Mercy General, Sacramento, February 2023, pulmonary embolism, DVT algorithm) that feel authentic rather than illustrative. (2) The narrative arc is not too smooth — the writer circles back to the anecdote at the end in a way that feels organic rather than rhetorically engineered. (3) The tone is conversational and occasionally informal ('not even close,' 'I don't really object to that,' 'it is not going well for patients'), with natural hedging ('I should say I'm not completely opposed'). (4) The critique of the RFI's framing — focusing on the word 'accelerating' — is a specific, idiosyncratic analytical move that feels like genuine intellectual engagement rather than a generated summary of concerns. (5) The policy recommendations are concrete but not exhaustively balanced in the way AI tends to produce. (6) There is some mild structural organization but it doesn't feel templated. (7) The closing line ('I don't know how you train a model on that') is emotionally resonant and rhetorically understated in a way that feels human. Minor AI-like features include the somewhat clean paragraph transitions and the organized list of recommendations near the end, but these are consistent with a thoughtful, educated human writer."
SYNTH-0073,85,1,"The comment reads as genuinely personal and emotionally grounded, with specific details (Mercy General in Sacramento, February 2023, five-day stay, 48-hour readmission, 78-year-old with COPD, two-hour commute) that feel authentic rather than illustrative. The narrative arc moves naturally from personal grievance to policy critique without feeling artificially constructed. The writer acknowledges nuance ('I'm not against technology across the board') and self-corrects mid-sentence ('though I wouldn't say ""okay"" is the right word'). The phrase 'an 78-year-old' is a grammatical slip consistent with human writing. The tone shifts between emotional and analytical in a way that feels organic. The policy asks are specific and technically informed but not exhaustively comprehensive in the way AI tends to be. Some features that could hint at AI: the comment is well-structured with a clear progression from anecdote to critique to specific ask, and the final paragraph's policy recommendation is cleanly articulated. However, the overall texture—including the aside about reading 'a few things on this,' the quiet physician comment, and the emotional register—strongly suggests human authorship."
SYNTH-0074,72,1,"The comment has several strong human markers: a specific named hospital (Advocate Good Samaritan in Downers Grove), a specific named doctor (Dr. Reyes), a specific date (Tuesday afternoon in 2023), a specific cited study (Obermeyer, Science, 2019) with accurate details about the findings, a professional background (social work, 20 years), and the comment ends abruptly mid-sentence ('anywhere in') suggesting a character limit was hit — a very human artifact. The emotional register is personal and grounded, moving from a family anecdote to policy critique in a way that feels authentic. The critique of the word 'accelerate' is a sharp, specific observation. The concern about reimbursement incentives driving adoption is a sophisticated, insider-level policy point. The self-deprecating acknowledgment ('I realize I'm probably not telling HHS anything it doesn't already know') feels genuine. However, there are some features that give slight pause: the paragraph structure is quite clean and organized, each paragraph addressing a distinct concern (framing, bias, accountability, workforce, recommendations) in a way that could reflect AI organization. The transitions between topics are smooth. The rhetorical balance is fairly polished. The phrase 'doing a lot of work there' is a common intellectual/academic expression that AI also uses. Overall, the specificity of the personal anecdote, the truncated ending, and the insider policy knowledge outweigh the organizational smoothness, suggesting human authorship with moderate confidence."
SYNTH-0075,85,1,"The comment reads as genuinely human-authored for several reasons: (1) It opens with a specific, personal anecdote grounded in concrete detail — St. Luke's in Cedar Rapids, February, three-day stay, cardiac event, six-day readmission — that feels lived-in rather than illustrative. (2) The writer's mother is described as '74-year-old woman with limited English,' a specific demographic detail that adds authenticity and isn't the kind of generic example AI tends to produce. (3) The tone is argumentative and somewhat combative ('That's a policy conclusion dressed up as an open inquiry. I understand why agencies do this but I think it's worth naming') — this kind of meta-critique of the RFI framing is characteristic of an engaged, skeptical human commenter. (4) The prose has natural variation in sentence length and rhythm, including some run-on constructions and informal transitions ('That sounds obvious but apparently it needs to be said'). (5) The closing line — 'My mother didn't know. I only found out because I was there and I asked.' — has an emotional punch and abruptness that feels human. (6) There are some mild AI-like features: the comment is well-organized, moves logically from personal story to policy critique, and covers multiple distinct policy areas in a structured way. The paragraph on reimbursement and the Johns Hopkins comparison is fairly polished. However, these features are consistent with a knowledgeable, educated human commenter (possibly a healthcare advocate or policy-aware family member) who has thought carefully about the issue. Overall, the personal specificity, the combative framing critique, and the emotional closing outweigh the structural tidiness."
SYNTH-0076,85,1,"The comment reads as genuinely human-authored for several reasons: it opens with a specific, emotionally grounded personal anecdote (mother in ICU, Regions Hospital, February 2023, eleven days) with concrete sensory detail ('her face was doing something completely different') that feels lived-in rather than constructed; it includes self-interrupting, uncertain phrasing ('I'm not sure this is the right venue,' 'I don't think HHS has seriously grappled with that') that reflects authentic hesitation; the final sentence is cut off mid-thought ('instead of just looking at how to remove friction from'), which is a distinctly human artifact suggesting the writer hit a character limit or lost their train of thought — AI systems almost never produce incomplete trailing sentences; the rhetorical register shifts naturally between personal, analytical, and frustrated tones; the argument is somewhat meandering and doesn't resolve neatly, which is characteristic of human writing. There are a few features that could hint at AI (the structured paragraph-by-paragraph progression of topics, the fairly polished prose, the reference to the Epic/University of Michigan sepsis study), but these are consistent with an educated, engaged human commenter who has done some reading on the topic. The incomplete ending is the strongest single indicator of human authorship."
SYNTH-0077,62,1,"The comment has several features that suggest human authorship: a specific, emotionally grounded personal anecdote with concrete details (Mercy General, Sacramento, February 2023, eleven days, ICU), a self-aware rhetorical move ('and there's that word again'), and a conversational, slightly rambling quality in places. The writer acknowledges nuance ('I want to be honest that I'm not opposed to technology') and expresses genuine uncertainty. However, several features raise suspicion of AI generation: 1. The structural arc is unusually clean — personal anecdote → rhetorical critique of framing → efficiency critique → equity/bias section with a specific cited study → balanced acknowledgment of AI benefits → policy recommendations → closing demand — this is a near-perfect essay structure. 2. The JAMA 2019 study citation is accurate and specific, which could be human knowledge but is also a hallmark of AI-generated text that includes plausible citations. 3. The phrase 'doing a lot of work' is a common AI-favored academic/critical idiom. 4. The policy recommendations section (require independent audits, require testing on representative populations, require informed consent, require opt-out) follows a formulaic parallel structure typical of AI output. 5. The prose is consistently polished throughout with no grammatical irregularities, colloquialisms, or the kind of mid-thought corrections typical of human writing. 6. The transition from personal narrative to policy argument is unusually smooth and well-calibrated. 7. The closing paragraph ('And honestly, require some mechanism...') uses 'And honestly' as a softening device that AI models frequently deploy to simulate human informality. Overall, the comment reads as potentially AI-generated with a human-like personal story prepended, or as a highly literate human writer who composes in a structured, essayistic style."
SYNTH-0078,85,1,"The comment has several strong markers of human authorship: a specific, emotionally grounded personal anecdote with named details (Darnell, Mercy General, Cincinnati, February 2023) that feels genuinely lived-in rather than illustrative; a self-aware acknowledgment of professional limitations ('I work in health policy, not as a clinician'); a candid admission of uncertainty ('I'm genuinely uncertain whether there's a version of this that works well'); and a closing remark about the comment period deadline that reads as an authentic, slightly frustrated aside rather than a rhetorical flourish. The argument builds organically from personal experience to policy critique without the overly balanced, hedge-everything structure typical of AI. The prose has some rough edges and repetition ('I think about that a lot,' 'I keep getting stuck') consistent with human writing. The bias section does begin with a self-conscious acknowledgment ('which I know comes up in every comment like this') that could be AI mimicking humility, but the specific detail about 510(k) pathway and predicate devices, combined with the pointed asymmetry observation at the end, suggests genuine domain familiarity. The overall rhetorical arc is somewhat polished, and the paragraph structure is clean, which could hint at AI assistance, but the specificity, the personal voice, and the occasional awkwardness outweigh those concerns."
SYNTH-0079,85,1,"This comment reads as genuinely human-authored for several reasons: (1) It opens with a specific, personal anecdote grounded in concrete details (Mercy General, Sacramento, February 2024, six days, day four fall) that feel authentic rather than illustrative. (2) The writer explicitly hedges their own knowledge multiple times ('I'm not saying AI caused that,' 'I'm not a lawyer so I can't speak to the exact statutes,' 'I honestly don't know') — this kind of epistemic humility with specific domain acknowledgment is characteristic of real human uncertainty rather than AI-generated false modesty. (3) The sentence 'But acceleration toward what, exactly.' is a fragment used rhetorically, which is a natural human writing quirk. (4) The argument meanders somewhat organically — moving from personal experience to accountability to framing critique to liability to workforce to consent — without the tight thematic structure AI typically imposes. (5) The tone has genuine frustration and personal investment that feels authentic. (6) There are some minor stylistic irregularities consistent with human writing. Some features could hint at AI (the organized progression through multiple policy concerns, the relatively polished prose), but the personal narrative anchor, the specific hedging, and the organic flow of argumentation strongly suggest human authorship."
SYNTH-0080,72,1,"The comment has several strong human markers: a specific, emotionally grounded personal anecdote with concrete details (Mercy General, Sacramento, February 2023, pulmonary embolism), a conversational register ('That's where I'm starting from'), an abrupt ending mid-sentence suggesting a real submission cutoff, and a willingness to acknowledge complexity without false balance. The argument flows naturally from personal experience to policy concern rather than following a structured essay format. However, there are some features that give slight pause: the rhetorical structure is quite polished and moves smoothly from anecdote to systemic critique to specific policy asks; the paragraph on bias is well-organized and uses careful hedging language ('in the absence of very careful correction'); the phrase 'financial coercion dressed up as innovation policy' is a crisp formulation that could be AI-generated; and the penultimate paragraph about 'percentage points of accuracy' and 'the tail of that distribution' uses statistical framing in a rhetorically effective way that feels slightly constructed. Overall, the personal specificity, the incomplete final sentence, and the genuine emotional stakes make human authorship more likely than not, though the polished argumentation introduces some uncertainty."
SYNTH-0081,82,1,"The comment reads as genuinely personal and emotionally grounded, with a specific anecdote (mother's fall in Tucson, February 2023, three-day hospital stay, nurse apologizing) that feels authentic rather than illustrative. The writer explicitly identifies themselves as a retired school librarian from New Mexico and acknowledges their own technical limitations, which is a self-deprecating move more typical of real humans than AI. The rhetorical questions without question marks ('Why would AI be different,' 'who is responsible for that') feel like a stylistic tic of someone writing informally rather than a polished AI output. The argument structure is logical but not perfectly balanced — it meanders somewhat from personal observation to policy concern to philosophical point about medicine, which is more human than AI's typically cleaner organization. The concern about healthcare economics is expressed bluntly and without hedging, which feels authentic. Some features give slight pause: the progression from personal anecdote to systemic critique is fairly smooth; the paragraph about accountability is well-structured; and the closing paragraph neatly summarizes three specific policy asks (transparency standards, mandatory disclosure, legal clarity on liability), which has a slightly polished feel. However, overall the voice, the specific personal details, the acknowledged limitations, and the emotional texture strongly suggest human authorship."
SYNTH-0082,72,1,"The comment reads largely as human-written, with several convincing markers of genuine personal experience: a specific hospital name (St. Luke's in Kansas City), a precise timeframe (February 2023, eleven days, 2am call), a vivid anecdote about a night nurse noticing a breathing pattern, and an emotionally grounded perspective from an ICU waiting room. The policy concerns flow naturally from the personal narrative rather than being artificially grafted on. The writer explicitly disclaims policy credentials, which is a humanizing touch. The prose has some irregularities and colloquial constructions ('I keep wondering,' 'That experienced night nurse is gone') consistent with human writing. However, there are some features that give slight pause: the comment is unusually well-organized for a layperson, moving systematically through multiple RFI questions (regulatory barriers, workforce, reimbursement) in a way that suggests familiarity with the document structure. The paragraph on rural hospitals versus academic medical centers shows policy sophistication that slightly exceeds what the self-deprecating disclaimer would suggest. The rhetorical balance — acknowledging AI has some role while arguing for caution — is quite polished. The closing line ('The burden of proof here should be on demonstrating safety, not on justifying caution') is aphoristically clean in a way that can appear AI-generated. Overall, the personal specificity and emotional authenticity outweigh the structural polish, suggesting a human author who may be more policy-literate than they let on, or who organized their thoughts carefully before writing."
SYNTH-0083,82,1,"The comment reads as largely human-written. The opening personal anecdote about the mother's ICU stay is specific (Regions Hospital, St. Paul, February 2023, eleven days) and emotionally grounded in a way that feels authentic. The closing callback to the same nurse at 2am creates a narrative arc, but it feels earned rather than formulaic — the final line 'I don't think it can be parameterized' is an idiosyncratic, slightly awkward phrasing that feels human. The comment shows genuine policy knowledge (pulse oximetry bias, prior authorization, AI denial-of-care lawsuits) woven into personal experience rather than presented as a structured briefing. The rhetorical flow is somewhat uneven — the paragraph about administrative burdens shifts mid-thought and includes a hedge ('I'm not completely dismissing') that feels like real-time self-correction. The phrase 'keeps me up at night' is a common human idiom used naturally. There are some features that could hint at AI: the comment is well-organized with clear paragraph-level topics, the policy recommendations in the penultimate paragraph are cleanly stated, and the overall argument is coherent. However, the emotional texture, the specific personal details, the slightly informal asides ('just... diffuse'), and the genuine-seeming frustration with the RFI framing all point strongly toward human authorship. The imperfections in transitions and the personal voice outweigh the structural tidiness."
SYNTH-0084,85,1,"The comment reads as genuinely human-authored for several reasons: (1) It opens with a specific, emotionally grounded personal anecdote about the author's mother in the ICU, with concrete details (Mercy General, Cincinnati, March 2023, bed 4, eleven days) that feel authentic rather than illustrative. (2) The writing has an uneven, searching quality — phrases like 'my first reaction is honestly just — why the hurry?' and 'There's something else that bothers me that I'm having trouble articulating precisely' reflect genuine cognitive uncertainty rather than polished AI rhetoric. (3) The author explicitly acknowledges the limits of their own knowledge ('I genuinely don't know the answer to that, and I'm not sure anyone does'), which is a hallmark of authentic human epistemic humility rather than AI-style balanced hedging. (4) The argument is not perfectly structured — it meanders from personal experience to liability to bias to workforce to trust, in a way that mirrors how a thoughtful person actually thinks through a complex issue rather than following a clean outline. (5) The reference to the Obermeyer 2019 Science study is specific and accurate, and the author's framing of it ('That study was about one algorithm') shows genuine critical engagement rather than generic citation. (6) The tone is occasionally frustrated and colloquial ('And now HHS wants to go faster') in ways that feel human. Some features — like the relatively clean prose and organized paragraphing — could hint at light editing or an educated writer, but overall the comment strongly resembles authentic human writing."
SYNTH-0085,85,1,"This comment reads as highly human-authored. Key indicators: (1) The opening anecdote is specific and personal — named hospital, named city, specific date, specific clinical detail (medication interaction, cardiologist seeing ~30 patients, 4-day ICU stay) — with the kind of emotional restraint ('She's fine now, but that's not really the point') that feels authentically human rather than performatively empathetic. (2) The GPS/map-reading analogy is colloquial and self-deprecating in a way that feels organic rather than constructed. (3) The self-identification as a 'retired nurse' with '31 years' experience grounds the comment in a specific professional identity and is used to explain a limitation ('I can't tell you which specific rules need to change'), which is a humble, human move. (4) The comment acknowledges uncertainty genuinely ('I don't know exactly how to quantify that risk') rather than hedging in the formulaic AI way. (5) The structure is somewhat meandering — it moves from personal anecdote to policy critique to workforce concern to a GPS digression to a specific ask — which is more characteristic of a thoughtful human writer than AI's typically more organized output. (6) The skill atrophy argument is a somewhat idiosyncratic concern that isn't commonly foregrounded in AI-generated policy comments. (7) There are minor stylistic inconsistencies and informal constructions ('something like 30 patients,' 'here's what I keep coming back to') that feel natural. Some polish in the prose could hint at light editing or a careful writer, but overall the voice, specificity, and argumentative texture strongly suggest human authorship."
SYNTH-0086,72,1,"The comment has several strong markers of human authorship: a specific personal anecdote with concrete details (St. Luke's in Kansas City, February 2023, eleven days, three software dashboards), a nurse's quiet aside about alarm fatigue, references to specific conversations with patient advocates, and an abrupt, unfinished final sentence that strongly suggests a real person who ran out of space or was cut off mid-thought. The tone is emotionally grounded and the argument builds from personal experience outward to policy critique in a way that feels authentic. The writer explicitly disclaims expertise ('I'm not a technologist') and expresses genuine uncertainty about the right pace, which is a human-like epistemic humility. However, there are some features that give slight pause: the prose is unusually well-organized and rhetorically polished for a public comment, with clear paragraph-level topic sentences and a logical progression from personal anecdote to systemic critique. The JAMA citation is specific but not fully cited (no volume/page), which could go either way. The workforce paragraph has a slightly formulaic quality ('many of them women, many of them in communities...'). Overall, the unfinished sentence at the end is the strongest single indicator of human authorship — an AI would almost certainly complete its thought — and the personal narrative details are specific enough to be credible."
SYNTH-0087,52,1,"This comment has several features that could indicate AI generation, but also strong human-like elements that create genuine ambiguity. On the AI side: 1. The opening personal anecdote transitions almost too smoothly into a policy argument — the narrative arc from 'my mother nearly died' to 'the framing of the RFI concerns me' is very polished and structured. 2. The comment is exceptionally well-organized, moving through safety, liability, philosophical concerns, reimbursement, and regulatory gaps in a logical sequence that feels more like an outline-driven essay than a spontaneous public comment. 3. The phrase 'I find hard to articulate without sounding sentimental, but I'll try' is a rhetorical hedge that AI often uses to simulate self-awareness and authenticity. 4. The paragraph on liability ('who is responsible? The doctor... The hospital... The vendor?') uses a tricolon structure typical of AI writing. 5. The conclusion with a specific, actionable ask ('commission some independent safety evaluations') is very clean and policy-memo-like. 6. The vocabulary and sentence construction are consistently sophisticated throughout, with no register shifts or rough patches typical of human writing. On the human side: 1. The personal anecdote about the mother is specific (Tucson, February 2024, pulmonary embolism, 'low acuity' flag) and emotionally grounded. 2. The comment acknowledges uncertainty ('I'm not a clinician,' 'I'm not sure I believe that') in ways that feel genuine rather than performative. 3. The critique of the RFI's framing is a substantive, original observation. 4. The concern about small rural hospitals shows contextual awareness. The balance of evidence suggests this could be a highly educated human writer, possibly with policy background, or a well-prompted AI."
SYNTH-0088,82,1,"The comment reads as largely human-written. Several features support this: (1) The opening anecdote about the mother and nurse Denise is specific, emotionally grounded, and personal in a way that feels authentic rather than illustrative. (2) The writer explicitly acknowledges their own limitations ('I recognize I'm not a policy expert') and expresses genuine uncertainty ('I am genuinely uncertain about some of this'), which is a hallmark of authentic human voice rather than AI's tendency toward confident balanced framing. (3) The comment ends abruptly mid-sentence ('which in my experience is how'), suggesting it was cut off or submitted accidentally incomplete — a very human error that AI would not make. (4) The prose has some unevenness and colloquial transitions ('sort of moved past,' 'That's just accelerating adoption for its own sake') that feel natural. (5) The reference to ProPublica's COMPAS reporting is specific and accurate, consistent with a knowledgeable human reader. (6) The argument structure, while organized, is not perfectly balanced or formulaic — it meanders somewhat in a human way. The incomplete ending is the strongest single indicator of human authorship."
SYNTH-0089,82,1,"The comment reads as genuinely human-authored for several reasons: (1) It opens with a specific, emotionally grounded personal anecdote about the author's mother at a named hospital (Jefferson University Hospital, Philadelphia, October 2023) with concrete details like the nurse's 22 years of experience — this level of specificity and emotional investment is characteristic of human writing. (2) The author explicitly acknowledges their own professional limitations ('I work in healthcare administration, not clinical care, so I'm not going to pretend I understand all the technical dimensions here'), which is a self-deprecating hedge typical of human writers. (3) The prose has natural irregularities and informal constructions ('Okay. But those were real people...', 'maybe that's different, I'm genuinely less certain about those applications') that feel authentically conversational rather than polished. (4) The argument meanders somewhat naturally — touching on workforce concerns, bias, liability, and administrative burden without a perfectly structured outline. (5) The rhetorical move of 'I think you're asking the wrong question' is direct and somewhat blunt in a human way. Some features that could hint at AI include the fairly comprehensive coverage of multiple policy angles and the clean paragraph structure, but these are consistent with a thoughtful, educated professional writing a formal comment. The overall voice, the personal story, and the occasional hedging and uncertainty feel authentically human."
SYNTH-0090,72,1,"The comment has several strong markers of human authorship: a specific, emotionally grounded personal anecdote with named details (Dr. Anand, Emory University Hospital, January 2023, 6am Saturday), a clear personal stake that drives the argument, and a focused policy critique that doesn't try to cover all bases. The writing has a natural argumentative rhythm that feels like someone who has thought carefully about this issue. The citation of the 2021 Nature Medicine study is specific and accurate-sounding, which could go either way. However, there are some features that give slight pause: the rhetorical structure is quite polished and balanced (personal story → general concern → specific technical critique → accountability question → framing critique → concrete ask), the transitions between sections are smooth in a way that could suggest AI assistance, and the closing callback to the opening anecdote ('My mother did not consent to being diagnosed by a machine') is a very clean narrative arc. The phrase 'that word is doing a lot of work' is a somewhat common intellectual-writing trope. Overall, the specificity of the personal narrative, the genuine emotional register, and the focused (rather than comprehensive) policy argument suggest human authorship, possibly with light editing or drafting assistance."
SYNTH-0091,85,1,"The comment reads as genuinely human-authored for several reasons: (1) It opens with a specific, emotionally grounded personal anecdote with concrete details (Mercy General, Sacramento, February 2023, pulmonary embolism) that feel authentic rather than illustrative; (2) The author explicitly acknowledges their own uncertainty and limitations ('I'm not a clinician,' 'I'm genuinely uncertain what the right pace is'), which is a hallmark of honest human self-reflection rather than AI-generated false modesty; (3) The prose has an uneven, conversational rhythm with run-on constructions and mid-sentence pivots that feel organic; (4) The policy argument is somewhat meandering and doesn't follow a perfectly structured arc — it circles back and adds qualifications in a way that feels like genuine thinking-through rather than structured AI output; (5) The closing line ('But ""faster"" as a default answer worries me') is understated and personal rather than rhetorically polished; (6) The author admits they can't find enforceable transparency requirements 'in any form yet that I can find' — a hedged, first-person epistemic qualifier typical of human writing. Some features could hint at AI (the organized paragraph structure, the policy fluency), but the personal narrative anchor, the self-doubt, and the slightly rough rhetorical edges strongly suggest a real person with healthcare policy experience."
SYNTH-0092,72,1,"The comment has several strong markers of human authorship: a specific, emotionally grounded personal anecdote (mother's hospitalization at a named hospital in a named city with a specific date), a concrete family member detail (sister-in-law as medical coder with 17 years experience), and a cynical, somewhat resigned closing paragraph that feels authentically human in its frustration. The voice is consistent and the policy critique flows naturally from personal experience rather than being artificially structured. However, there are some features that give slight pause: the comment is unusually well-organized for a personal submission, moving cleanly from anecdote to accountability to bias to workforce implications in a way that feels slightly too structured. The Stanford 2021 kidney function algorithm reference is specific and accurate, which could go either way. The rhetorical device of 'Not a data point. Not a flag in a system. A human being who looked at another human being and knew.' has a slightly polished, literary quality. The em dash usage is present but not excessive. The phrase 'liability black hole that everyone is pretending doesn't exist' feels authentically colloquial. Overall, the personal specificity, the emotional authenticity, the slightly cynical and non-triumphant ending, and the concrete family details outweigh the structural polish, suggesting this is more likely human-written, possibly by someone with writing experience or who took considerable care composing this comment."
SYNTH-0093,85,1,"The comment reads as genuinely human-authored for several reasons: (1) It opens with a specific, emotionally grounded personal anecdote with concrete details (St. Luke's Medical Center, Milwaukee, February 2023, pulmonary embolism, CT angiogram) that feel authentic rather than illustrative. (2) The writer explicitly pre-empts a potential misreading of their anecdote ('I'm not telling that story to be dramatic'), which is a natural self-aware rhetorical move. (3) The argument has an organic, somewhat uneven structure — it meanders through reimbursement incentives, bias, accountability, and surveillance — rather than the perfectly balanced, symmetrical structure typical of AI. (4) The writer cites a specific real study (Obermeyer 2019 in Science) with accurate details and draws a pointed, somewhat frustrated conclusion ('That was five years ago. I have not seen convincing evidence that the industry has solved this problem'). (5) The tone is consistently skeptical and slightly adversarial toward HHS without being perfectly balanced — a human rhetorical stance. (6) The closing paragraph acknowledges jurisdictional uncertainty in a tentative, realistic way ('I don't know if HHS is in a position to require...') that feels like genuine epistemic humility rather than performed balance. (7) The HITECH analogy is apt but not perfectly polished. Some features could hint at AI — the comment is well-organized and articulate — but the specificity, emotional grounding, and slightly uneven argumentative flow strongly suggest human authorship."
SYNTH-0094,85,1,"The comment reads as genuinely human-authored for several reasons: (1) It opens with a specific, emotionally grounded personal anecdote about the author's mother at a named hospital in a named city with a specific date and clinical detail ('pulmonary embolism,' nurse noticing she looked 'off') — this level of concrete personal narrative is characteristic of human writing. (2) The author identifies their professional role ('I work in patient advocacy') in a casual, mid-comment way rather than as a formal credential introduction. (3) The prose has natural unevenness — some sentences are long and winding, others are short and punchy ('I don't think the answer is efficiency.'), which reflects authentic human rhythm rather than AI's tendency toward balanced paragraph structure. (4) The comment includes a self-aware meta-comment ('I realize that's not a regulatory proposal exactly') that signals genuine human uncertainty and self-reflection. (5) The final paragraph about the comment period timeline feels like an afterthought added organically, not a structured conclusion. (6) The argument is somewhat repetitive and circles back rather than building cleanly — a human trait. Some features that could hint at AI: the policy argument is well-organized and covers multiple dimensions (accountability, liability, workforce, regulatory framing), and the transitions are fairly smooth. However, the overall texture — the personal story, the professional context, the emotional undercurrent, the informal asides — strongly suggests a real human author, likely someone with genuine experience in patient advocacy."
SYNTH-0095,85,1,"This comment reads as genuinely human-authored for several reasons: (1) It opens with a specific, detailed personal anecdote with concrete details (St. Francis Hospital in Hartford, 11 days, cardiac step-down unit, February, 22 years of experience) that feel authentic rather than illustrative; (2) The emotional arc is natural and uneven — the writer circles back to the mother at the end in a way that feels emotionally genuine rather than rhetorically constructed; (3) The prose has real texture and variation — some sentences are long and winding, others short and punchy, without the smooth uniformity typical of AI; (4) The writer explicitly acknowledges uncertainty and limits ('I understand that's probably not realistic') in a way that feels personally calibrated rather than balanced for rhetorical effect; (5) The policy critique is specific and grounded (citing the 2019 Science study on hospital algorithms) but also personal and opinionated in tone; (6) The deskilling argument in the penultimate paragraph feels like a genuine intellectual concern the writer has been sitting with, not a comprehensive policy checklist; (7) The closing line ('she went home because a human being looked at her') is emotionally resonant and structurally satisfying in a way that could be AI, but combined with the rest of the comment feels like a real person's conclusion. Some features that could suggest AI: the comment is well-organized and covers multiple policy dimensions systematically, and the rhetoric is fairly polished. However, the personal specificity, the uneven emotional register, and the genuine argumentative voice outweigh these concerns."
SYNTH-0096,52,1,"This comment has several features that could suggest AI generation, but also strong human-like elements that create genuine ambiguity. On the AI side: 1. The opening personal anecdote transitions too smoothly into a policy argument — the narrative arc from 'my mother's hospitalization' to 'this is what worries me about the RFI' is almost perfectly constructed as a rhetorical device. 2. The comment is unusually well-organized for a public comment, with each paragraph addressing a distinct sub-argument in a logical sequence. 3. The em dash usage ('a woman who had been practicing for over twenty years — caught it') is a common AI stylistic marker. 4. The phrase 'I want to be honest that I'm not a clinician' is a classic AI hedging construction that signals epistemic humility in a formulaic way. 5. The pulse oximetry example is a well-known talking point in AI bias discussions and is deployed with textbook precision. 6. The comment ends mid-sentence, which could be a human artifact (character limit) but could also be a deliberate AI technique to simulate authenticity. On the human side: 1. The social services professional background is specific and plausible, and the observation about algorithmic override dynamics in child welfare contexts reflects genuine domain knowledge that is not commonly synthesized in AI outputs. 2. The personal anecdote about the mother is specific (Mercy General, Sacramento, February 2023, atypical PE presentation) in ways that feel authentic. 3. The tone is genuinely skeptical rather than balanced in the way AI typically tries to be. 4. The incomplete final sentence strongly suggests a human hitting a character limit. Overall, the balance of evidence is close, with the incomplete ending and specific domain knowledge tipping slightly toward human authorship."
SYNTH-0097,85,1,"The comment reads as genuinely human-authored for several reasons: it opens with a specific, personal anecdote (mother hospitalized at Mercy General in Sacramento in March 2023) with concrete, emotionally grounded detail that feels authentic rather than illustrative; the writing has an uneven, conversational rhythm with self-interruptions ('My answer, honestly, is...', 'And I'm not sure...', 'One more thing and then I'll stop'); it ends abruptly mid-sentence ('I'd expect a little more'), which is a distinctly human artifact suggesting the writer ran out of space or time, not something an AI would produce; the tone shifts naturally between personal narrative, policy critique, and frustration; the Obermeyer citation is accurate and specific (though slightly misattributed in framing); the rhetorical complaint about the RFI's framing ('The conclusion is already embedded in the question') reflects genuine critical engagement with the document rather than a balanced summary. The comment does contain some features that could suggest AI assistance — notably the organized progression through multiple policy concerns and the fairly polished paragraph structure — but the abrupt ending, the personal anecdote specificity, and the conversational asides strongly suggest a human author who may be educated and policy-aware but is writing authentically."
SYNTH-0098,82,1,"The comment reads as genuinely human-authored for several reasons: it opens with a specific personal anecdote (mother hospitalized at Piedmont Atlanta Hospital in November 2023) that grounds the argument in lived experience rather than abstract policy; the reasoning is somewhat meandering and conversational, with hedges like 'I guess' and 'I don't think' that feel authentic; the writer acknowledges complexity and contradictions in their own position ('I'm not against technology in hospitals'); the critique of the 'physician in the loop' argument is specific and practically grounded (4 minutes per patient); the reference to a Lancet Digital Health 2022 paper is cited imprecisely as a human might recall it rather than with perfect citation format; the paragraph about ambient AI documentation raises a nuanced concern about patient candor that feels like genuine personal reflection; the final ask is specific but not perfectly structured. Some features that could hint at AI include the relatively clean logical progression from personal anecdote to systemic critique, and the balanced acknowledgment of counterarguments, but these are also consistent with a thoughtful, educated human writer. The informal register, the specific hospital name, and the slightly imprecise citation all point strongly toward human authorship."
SYNTH-0099,85,1,"This comment reads as genuinely human-authored for several reasons: (1) It opens with a specific, personal anecdote about the author's mother at a named hospital (Mercy Hospital in Des Moines) with concrete details that feel authentic rather than illustrative. (2) The writing has natural hedging and self-correction ('I admit I'm less certain about exactly how this plays out,' 'I don't want to be dismissive of that argument') that reflects genuine epistemic humility rather than performed balance. (3) The comment ends abruptly mid-sentence ('than'), which is a very human artifact of running out of space or losing track — AI would almost never produce an incomplete trailing sentence. (4) The argument structure is somewhat meandering and personal rather than the clean, organized structure AI tends to produce. (5) The author references specific real-world litigation (UnitedHealth's nH Predict, class action 2023) in a way that feels like someone who has been following the news rather than generating authoritative-sounding citations. (6) The emotional core — the mother's stroke story — is used as a launching point but the author doesn't over-exploit it rhetorically, which is more human than AI. (7) The final paragraph trails off incompletely, strongly suggesting a human who hit a character limit. The main AI-like feature is the relatively polished prose and organized paragraph structure, but the incomplete ending and personal hedging outweigh this."
SYNTH-0100,38,0,"1. The opening personal anecdote (mother in ICU, specific doctor name, specific hospital, specific date) is vivid and emotionally grounded, which could indicate human authorship — but the transition from anecdote to policy argument is unusually smooth and structured, a hallmark of AI-generated text. 2. The comment is exceptionally well-organized with clear thematic sections (reimbursement, workforce, accountability, governance), each developed with near-perfect logical flow — more structured than typical public comments. 3. The rhetorical balance is suspiciously even: every concern is acknowledged with a concession ('I'm not saying AI has no place in medicine'), which is a common AI pattern to appear measured and credible. 4. The use of specific citations (ProPublica 2023, nH Predict algorithm, United Healthcare) is accurate and well-integrated — AI models often include real-world references to add credibility. 5. The sentence 'That is not something a model trained on clinical notes can do. I don't think it can even approximate it.' reads as a self-aware AI comment about AI limitations, which is a subtle but notable pattern. 6. The vocabulary and sentence construction are consistently elevated throughout — phrases like 'atrophied the habits the AI is now doing for them,' 'consent infrastructure,' and 'iterative AI updates' suggest a sophisticated writer, but the consistency never wavers, which is unusual for human writing. 7. The comment ends abruptly mid-sentence ('before'), which could indicate a human cutting off, but could also be an AI artifact or deliberate truncation to simulate authenticity. 8. The rule-of-three pattern appears multiple times: 'The vendor? The hospital that licensed the tool? The physician who clicked accept?' and 'the governance, the liability framework, the patient consent infrastructure.' 9. The overall narrative arc — personal story → systemic critique → specific policy gaps → humble conclusion — is too clean and complete for a typical public comment. 10. The phrase 'frankly the humility to admit' is a common AI hedging construction used to simulate candor."
,,,
,,,
,,,0.98
